{
  "type": "FeatureCollection",
  "features": [
    {
      "type": "Feature",
      "geometry": {
        "type": "Point",
        "coordinates": [
          38.431398,
          1.441968
        ]
      },
      "properties": {
        "post_id": "441",
        "row_index": 1,
        "lat_header": "Project main location.lat",
        "lon_header": "Project main location.lon",
        "city": "Merti",
        "state": "Isiolo",
        "country": "Kenya",
        "country_code": "KE",
        "display_name": "Merti, Isiolo, Kenya"
      }
    },
    {
      "type": "Feature",
      "geometry": {
        "type": "Point",
        "coordinates": [
          7.999972,
          9.600036
        ]
      },
      "properties": {
        "post_id": "442",
        "row_index": 2,
        "lat_header": "Project main location.lat",
        "lon_header": "Project main location.lon",
        "city": "Kurmin Musa",
        "state": "Kaduna State",
        "country": "Nigeria",
        "country_code": "NG",
        "display_name": "Kurmin Musa, Kachia, Kaduna State, Nigeria"
      }
    },
    {
      "type": "Feature",
      "geometry": {
        "type": "Point",
        "coordinates": [
          -0.54024,
          52.795479
        ]
      },
      "properties": {
        "post_id": "443",
        "row_index": 3,
        "lat_header": "Project main location.lat",
        "lon_header": "Project main location.lon",
        "city": "South Kesteven",
        "state": "England",
        "country": "United Kingdom",
        "country_code": "GB",
        "display_name": "South Kesteven, Lincolnshire, Greater Lincolnshire, England, United Kingdom"
      }
    },
    {
      "type": "Feature",
      "geometry": {
        "type": "Point",
        "coordinates": [
          38.431398,
          1.441968
        ]
      },
      "properties": {
        "post_id": "444",
        "row_index": 4,
        "lat_header": "Project main location.lat",
        "lon_header": "Project main location.lon",
        "city": "Merti",
        "state": "Isiolo",
        "country": "Kenya",
        "country_code": "KE",
        "display_name": "Merti, Isiolo, Kenya"
      }
    },
    {
      "type": "Feature",
      "geometry": {
        "type": "Point",
        "coordinates": [
          -0.54024,
          52.795479
        ]
      },
      "properties": {
        "post_id": "445",
        "row_index": 5,
        "lat_header": "Project main location.lat",
        "lon_header": "Project main location.lon",
        "city": "South Kesteven",
        "state": "England",
        "country": "United Kingdom",
        "country_code": "GB",
        "display_name": "South Kesteven, Lincolnshire, Greater Lincolnshire, England, United Kingdom"
      }
    },
    {
      "type": "Feature",
      "geometry": {
        "type": "Point",
        "coordinates": [
          -53.2,
          -10.333333
        ]
      },
      "properties": {
        "post_id": "446",
        "row_index": 6,
        "lat_header": "Project main location.lat",
        "lon_header": "Project main location.lon",
        "city": "",
        "state": "Mato Grosso",
        "country": "Brazil",
        "country_code": "BR",
        "display_name": "Peixoto de Azevedo, Mato Grosso, Central-West Region, Brazil"
      }
    },
    {
      "type": "Feature",
      "geometry": {
        "type": "Point",
        "coordinates": [
          7.999972,
          9.600036
        ]
      },
      "properties": {
        "post_id": "447",
        "row_index": 7,
        "lat_header": "Project main location.lat",
        "lon_header": "Project main location.lon",
        "city": "Kurmin Musa",
        "state": "Kaduna State",
        "country": "Nigeria",
        "country_code": "NG",
        "display_name": "Kurmin Musa, Kachia, Kaduna State, Nigeria"
      }
    },
    {
      "type": "Feature",
      "geometry": {
        "type": "Point",
        "coordinates": [
          -14.452961,
          14.475061
        ]
      },
      "properties": {
        "post_id": "448",
        "row_index": 8,
        "lat_header": "Project main location.lat",
        "lon_header": "Project main location.lon",
        "city": "Communauté rurale de Payar",
        "state": "",
        "country": "Senegal",
        "country_code": "SN",
        "display_name": "Communauté rurale de Payar, Arrondissement de Kouthiaba Wolof, Département de Koumpentoum, Tambacounda Region, Senegal"
      }
    },
    {
      "type": "Feature",
      "geometry": {
        "type": "Point",
        "coordinates": [
          34.914498,
          -19.302233
        ]
      },
      "properties": {
        "post_id": "449",
        "row_index": 9,
        "lat_header": "Project main location.lat",
        "lon_header": "Project main location.lon",
        "city": "",
        "state": "Sofala Province",
        "country": "Mozambique",
        "country_code": "MZ",
        "display_name": "Muanza, Sofala Province, Zona Centro, Mozambique"
      }
    },
    {
      "type": "Feature",
      "geometry": {
        "type": "Point",
        "coordinates": [
          38.431398,
          1.441968
        ]
      },
      "properties": {
        "post_id": "450",
        "row_index": 10,
        "lat_header": "Project main location.lat",
        "lon_header": "Project main location.lon",
        "city": "Merti",
        "state": "Isiolo",
        "country": "Kenya",
        "country_code": "KE",
        "display_name": "Merti, Isiolo, Kenya"
      }
    },
    {
      "type": "Feature",
      "geometry": {
        "type": "Point",
        "coordinates": [
          7.999972,
          9.600036
        ]
      },
      "properties": {
        "post_id": "451",
        "row_index": 11,
        "lat_header": "Project main location.lat",
        "lon_header": "Project main location.lon",
        "city": "Kurmin Musa",
        "state": "Kaduna State",
        "country": "Nigeria",
        "country_code": "NG",
        "display_name": "Kurmin Musa, Kachia, Kaduna State, Nigeria"
      }
    },
    {
      "type": "Feature",
      "geometry": {
        "type": "Point",
        "coordinates": [
          7.999972,
          9.600036
        ]
      },
      "properties": {
        "post_id": "452",
        "row_index": 12,
        "lat_header": "Project main location.lat",
        "lon_header": "Project main location.lon",
        "city": "Kurmin Musa",
        "state": "Kaduna State",
        "country": "Nigeria",
        "country_code": "NG",
        "display_name": "Kurmin Musa, Kachia, Kaduna State, Nigeria"
      }
    },
    {
      "type": "Feature",
      "geometry": {
        "type": "Point",
        "coordinates": [
          -1.080027,
          8.030028
        ]
      },
      "properties": {
        "post_id": "453",
        "row_index": 13,
        "lat_header": "Project main location.lat",
        "lon_header": "Project main location.lon",
        "city": "East Gonja Municipal District",
        "state": "Savannah Region",
        "country": "Ghana",
        "country_code": "GH",
        "display_name": "East Gonja Municipal District, Savannah Region, Ghana"
      }
    },
    {
      "type": "Feature",
      "geometry": {
        "type": "Point",
        "coordinates": [
          -122.46299,
          37.764799
        ]
      },
      "properties": {
        "post_id": "454",
        "row_index": 14,
        "lat_header": "Project main location.lat",
        "lon_header": "Project main location.lon",
        "city": "San Francisco",
        "state": "California",
        "country": "United States",
        "country_code": "US",
        "display_name": "San Francisco, California, United States"
      }
    },
    {
      "type": "Feature",
      "geometry": {
        "type": "Point",
        "coordinates": [
          -86.075514,
          15.257243
        ]
      },
      "properties": {
        "post_id": "455",
        "row_index": 15,
        "lat_header": "Project main location.lat",
        "lon_header": "Project main location.lon",
        "city": "",
        "state": "Olancho",
        "country": "Honduras",
        "country_code": "HN",
        "display_name": "Gualaco, Olancho, Honduras"
      }
    },
    {
      "type": "Feature",
      "geometry": {
        "type": "Point",
        "coordinates": [
          29.267547,
          26.254049
        ]
      },
      "properties": {
        "post_id": "456",
        "row_index": 16,
        "lat_header": "Project main location.lat",
        "lon_header": "Project main location.lon",
        "city": "",
        "state": "New Valley",
        "country": "Egypt",
        "country_code": "EG",
        "display_name": "New Valley, Egypt"
      }
    },
    {
      "type": "Feature",
      "geometry": {
        "type": "Point",
        "coordinates": [
          29.491769,
          14.584444
        ]
      },
      "properties": {
        "post_id": "457",
        "row_index": 17,
        "lat_header": "Project main location.lat",
        "lon_header": "Project main location.lon",
        "city": "Sowdari سودري",
        "state": "North Kordufan",
        "country": "Sudan",
        "country_code": "SD",
        "display_name": "Sowdari سودري, North Kordufan, Sudan"
      }
    },
    {
      "type": "Feature",
      "geometry": {
        "type": "Point",
        "coordinates": [
          7.999972,
          9.600036
        ]
      },
      "properties": {
        "post_id": "458",
        "row_index": 18,
        "lat_header": "Project main location.lat",
        "lon_header": "Project main location.lon",
        "city": "Kurmin Musa",
        "state": "Kaduna State",
        "country": "Nigeria",
        "country_code": "NG",
        "display_name": "Kurmin Musa, Kachia, Kaduna State, Nigeria"
      }
    },
    {
      "type": "Feature",
      "geometry": {
        "type": "Point",
        "coordinates": [
          -118.242767,
          34.053683
        ]
      },
      "properties": {
        "post_id": "459",
        "row_index": 19,
        "lat_header": "Project main location.lat",
        "lon_header": "Project main location.lon",
        "city": "Los Angeles",
        "state": "California",
        "country": "United States",
        "country_code": "US",
        "display_name": "Los Angeles, Los Angeles County, California, United States"
      }
    },
    {
      "type": "Feature",
      "geometry": {
        "type": "Point",
        "coordinates": [
          -2.844429,
          11.964097
        ]
      },
      "properties": {
        "post_id": "460",
        "row_index": 20,
        "lat_header": "Project main location.lat",
        "lon_header": "Project main location.lon",
        "city": "",
        "state": "",
        "country": "Burkina Faso",
        "country_code": "BF",
        "display_name": "Zamo, Sanguié, Central-West, Burkina Faso"
      }
    },
    {
      "type": "Feature",
      "geometry": {
        "type": "Point",
        "coordinates": [
          -73.783892,
          2.889443
        ]
      },
      "properties": {
        "post_id": "461",
        "row_index": 21,
        "lat_header": "Project main location.lat",
        "lon_header": "Project main location.lon",
        "city": "Vista Hermosa",
        "state": "Meta",
        "country": "Colombia",
        "country_code": "CO",
        "display_name": "Vista Hermosa, Subregión Ariari, Meta, RAP (Especial) Central, Colombia"
      }
    },
    {
      "type": "Feature",
      "geometry": {
        "type": "Point",
        "coordinates": [
          38.431398,
          1.441968
        ]
      },
      "properties": {
        "post_id": "462",
        "row_index": 22,
        "lat_header": "Project main location.lat",
        "lon_header": "Project main location.lon",
        "city": "Merti",
        "state": "Isiolo",
        "country": "Kenya",
        "country_code": "KE",
        "display_name": "Merti, Isiolo, Kenya"
      }
    },
    {
      "type": "Feature",
      "geometry": {
        "type": "Point",
        "coordinates": [
          84.091714,
          28.108393
        ]
      },
      "properties": {
        "post_id": "463",
        "row_index": 23,
        "lat_header": "Project main location.lat",
        "lon_header": "Project main location.lon",
        "city": "Pokhara",
        "state": "Gandaki Province",
        "country": "Nepal",
        "country_code": "NP",
        "display_name": "Pokhara, Kaski, Gandaki Province, Nepal"
      }
    },
    {
      "type": "Feature",
      "geometry": {
        "type": "Point",
        "coordinates": [
          78.667743,
          22.351115
        ]
      },
      "properties": {
        "post_id": "464",
        "row_index": 24,
        "lat_header": "Project main location.lat",
        "lon_header": "Project main location.lon",
        "city": "Tamia Tahsil",
        "state": "Madhya Pradesh",
        "country": "India",
        "country_code": "IN",
        "display_name": "Tamia Tahsil, Chhindwara, Madhya Pradesh, 480559, India"
      }
    },
    {
      "type": "Feature",
      "geometry": {
        "type": "Point",
        "coordinates": [
          -99.133342,
          19.432601
        ]
      },
      "properties": {
        "post_id": "465",
        "row_index": 25,
        "lat_header": "Project main location.lat",
        "lon_header": "Project main location.lon",
        "city": "Mexico City",
        "state": "Mexico City",
        "country": "Mexico",
        "country_code": "MX",
        "display_name": "Mexico City, Cuauhtémoc, Mexico City, Mexico"
      }
    },
    {
      "type": "Feature",
      "geometry": {
        "type": "Point",
        "coordinates": [
          32.216658,
          1.533355
        ]
      },
      "properties": {
        "post_id": "466",
        "row_index": 26,
        "lat_header": "Project main location.lat",
        "lon_header": "Project main location.lon",
        "city": "",
        "state": "Nakasongola",
        "country": "Uganda",
        "country_code": "UG",
        "display_name": "Nakasongola, Central Region, Uganda"
      }
    },
    {
      "type": "Feature",
      "geometry": {
        "type": "Point",
        "coordinates": [
          19.015617,
          15.613414
        ]
      },
      "properties": {
        "post_id": "467",
        "row_index": 27,
        "lat_header": "Project main location.lat",
        "lon_header": "Project main location.lon",
        "city": "",
        "state": "Borkou",
        "country": "Chad",
        "country_code": "TD",
        "display_name": "Borkou, Chad"
      }
    },
    {
      "type": "Feature",
      "geometry": {
        "type": "Point",
        "coordinates": [
          35.843409,
          33.875063
        ]
      },
      "properties": {
        "post_id": "468",
        "row_index": 28,
        "lat_header": "Project main location.lat",
        "lon_header": "Project main location.lon",
        "city": "",
        "state": "Beqaa Governorate",
        "country": "Lebanon",
        "country_code": "LB",
        "display_name": "Touayteh, Zahlé District, Beqaa Governorate, Lebanon"
      }
    },
    {
      "type": "Feature",
      "geometry": {
        "type": "Point",
        "coordinates": [
          16.0,
          2.0
        ]
      },
      "properties": {
        "post_id": "469",
        "row_index": 29,
        "lat_header": "Project main location.lat",
        "lon_header": "Project main location.lon",
        "city": "Mouloundou",
        "state": "East",
        "country": "Cameroon",
        "country_code": "CM",
        "display_name": "Mouloundou, Boumba-et-Ngoko, East, Cameroon"
      }
    },
    {
      "type": "Feature",
      "geometry": {
        "type": "Point",
        "coordinates": [
          -100.445882,
          39.78373
        ]
      },
      "properties": {
        "post_id": "470",
        "row_index": 30,
        "lat_header": "Project main location.lat",
        "lon_header": "Project main location.lon",
        "city": "Decatur County",
        "state": "Kansas",
        "country": "United States",
        "country_code": "US",
        "display_name": "Decatur County, Kansas, United States"
      }
    },
    {
      "type": "Feature",
      "geometry": {
        "type": "Point",
        "coordinates": [
          71.247499,
          30.33084
        ]
      },
      "properties": {
        "post_id": "471",
        "row_index": 31,
        "lat_header": "Project main location.lat",
        "lon_header": "Project main location.lon",
        "city": "Kot Addu District",
        "state": "Punjab",
        "country": "Pakistan",
        "country_code": "PK",
        "display_name": "Chowk Sarwar Shaheed Tehsil, Kot Addu District, Dera Ghazi Khan Division, Punjab, 34030, Pakistan"
      }
    },
    {
      "type": "Feature",
      "geometry": {
        "type": "Point",
        "coordinates": [
          71.247499,
          30.33084
        ]
      },
      "properties": {
        "post_id": "472",
        "row_index": 32,
        "lat_header": "Project main location.lat",
        "lon_header": "Project main location.lon",
        "city": "Kot Addu District",
        "state": "Punjab",
        "country": "Pakistan",
        "country_code": "PK",
        "display_name": "Chowk Sarwar Shaheed Tehsil, Kot Addu District, Dera Ghazi Khan Division, Punjab, 34030, Pakistan"
      }
    },
    {
      "type": "Feature",
      "geometry": {
        "type": "Point",
        "coordinates": [
          -1.080027,
          8.030028
        ]
      },
      "properties": {
        "post_id": "473",
        "row_index": 33,
        "lat_header": "Project main location.lat",
        "lon_header": "Project main location.lon",
        "city": "East Gonja Municipal District",
        "state": "Savannah Region",
        "country": "Ghana",
        "country_code": "GH",
        "display_name": "East Gonja Municipal District, Savannah Region, Ghana"
      }
    },
    {
      "type": "Feature",
      "geometry": {
        "type": "Point",
        "coordinates": [
          10.0,
          51.0
        ]
      },
      "properties": {
        "post_id": "474",
        "row_index": 34,
        "lat_header": "Project main location.lat",
        "lon_header": "Project main location.lon",
        "city": "Werra-Meißner-Kreis",
        "state": "Hesse",
        "country": "Germany",
        "country_code": "DE",
        "display_name": "Sontra, Werra-Meißner-Kreis, Hesse, 36205, Germany"
      }
    },
    {
      "type": "Feature",
      "geometry": {
        "type": "Point",
        "coordinates": [
          17.323111,
          -23.23355
        ]
      },
      "properties": {
        "post_id": "475",
        "row_index": 35,
        "lat_header": "Project main location.lat",
        "lon_header": "Project main location.lon",
        "city": "",
        "state": "Khomas",
        "country": "Namibia",
        "country_code": "NA",
        "display_name": "Khomas, Namibia"
      }
    },
    {
      "type": "Feature",
      "geometry": {
        "type": "Point",
        "coordinates": [
          27.559916,
          -14.518624
        ]
      },
      "properties": {
        "post_id": "476",
        "row_index": 36,
        "lat_header": "Project main location.lat",
        "lon_header": "Project main location.lon",
        "city": "",
        "state": "Central Province",
        "country": "Zambia",
        "country_code": "ZM",
        "display_name": "Chibombo District, Central Province, Zambia"
      }
    },
    {
      "type": "Feature",
      "geometry": {
        "type": "Point",
        "coordinates": [
          90.293243,
          24.476878
        ]
      },
      "properties": {
        "post_id": "477",
        "row_index": 37,
        "lat_header": "Project main location.lat",
        "lon_header": "Project main location.lon",
        "city": "Fulbaria Upazila",
        "state": "Mymensingh Division",
        "country": "Bangladesh",
        "country_code": "BD",
        "display_name": "Fulbaria Upazila, Mymensingh District, Mymensingh Division, 2216, Bangladesh"
      }
    },
    {
      "type": "Feature",
      "geometry": {
        "type": "Point",
        "coordinates": [
          33.930196,
          -13.26872
        ]
      },
      "properties": {
        "post_id": "478",
        "row_index": 38,
        "lat_header": "Project main location.lat",
        "lon_header": "Project main location.lon",
        "city": "",
        "state": "Ntchisi",
        "country": "Malawi",
        "country_code": "MW",
        "display_name": "Ntchisi, Central Region, Malawi, Malawi"
      }
    },
    {
      "type": "Feature",
      "geometry": {
        "type": "Point",
        "coordinates": [
          10.333328,
          55.670249
        ]
      },
      "properties": {
        "post_id": "479",
        "row_index": 39,
        "lat_header": "Project main location.lat",
        "lon_header": "Project main location.lon",
        "city": "",
        "state": "",
        "country": "Denmark",
        "country_code": "DK",
        "display_name": "Denmark"
      }
    },
    {
      "type": "Feature",
      "geometry": {
        "type": "Point",
        "coordinates": [
          -100.000038,
          22.500048
        ]
      },
      "properties": {
        "post_id": "480",
        "row_index": 40,
        "lat_header": "Project main location.lat",
        "lon_header": "Project main location.lon",
        "city": "Ciudad del Maíz",
        "state": "San Luis Potosí",
        "country": "Mexico",
        "country_code": "MX",
        "display_name": "Ciudad del Maíz, San Luis Potosí, Mexico"
      }
    },
    {
      "type": "Feature",
      "geometry": {
        "type": "Point",
        "coordinates": [
          35.162072,
          31.649741
        ]
      },
      "properties": {
        "post_id": "481",
        "row_index": 41,
        "lat_header": "Project main location.lat",
        "lon_header": "Project main location.lon",
        "city": "Area C",
        "state": "Judea and Samaria",
        "country": "Palestinian Territories",
        "country_code": "PS",
        "display_name": "Area C, Judea and Samaria, Palestinian Territories"
      }
    },
    {
      "type": "Feature",
      "geometry": {
        "type": "Point",
        "coordinates": [
          13.153581,
          4.612552
        ]
      },
      "properties": {
        "post_id": "482",
        "row_index": 42,
        "lat_header": "Project main location.lat",
        "lon_header": "Project main location.lon",
        "city": "Minta",
        "state": "Centre",
        "country": "Cameroon",
        "country_code": "CM",
        "display_name": "Minta, Haute-Sanaga, Centre, Cameroon"
      }
    },
    {
      "type": "Feature",
      "geometry": {
        "type": "Point",
        "coordinates": [
          -100.445882,
          39.78373
        ]
      },
      "properties": {
        "post_id": "483",
        "row_index": 43,
        "lat_header": "Project main location.lat",
        "lon_header": "Project main location.lon",
        "city": "Decatur County",
        "state": "Kansas",
        "country": "United States",
        "country_code": "US",
        "display_name": "Decatur County, Kansas, United States"
      }
    },
    {
      "type": "Feature",
      "geometry": {
        "type": "Point",
        "coordinates": [
          114.563203,
          -4.799336
        ]
      },
      "properties": {
        "post_id": "484",
        "row_index": 44,
        "lat_header": "Project main location.lat",
        "lon_header": "Project main location.lon",
        "city": "",
        "state": "South Kalimantan",
        "country": "Indonesia",
        "country_code": "ID",
        "display_name": "South Kalimantan, Kalimantan, Indonesia"
      }
    },
    {
      "type": "Feature",
      "geometry": {
        "type": "Point",
        "coordinates": [
          -60.975036,
          13.825049
        ]
      },
      "properties": {
        "post_id": "485",
        "row_index": 45,
        "lat_header": "Project main location.lat",
        "lon_header": "Project main location.lon",
        "city": "",
        "state": "Micoud",
        "country": "Saint Lucia",
        "country_code": "LC",
        "display_name": "Micoud, Saint Lucia"
      }
    },
    {
      "type": "Feature",
      "geometry": {
        "type": "Point",
        "coordinates": [
          -11.840027,
          8.640035
        ]
      },
      "properties": {
        "post_id": "486",
        "row_index": 46,
        "lat_header": "Project main location.lat",
        "lon_header": "Project main location.lon",
        "city": "",
        "state": "Tonkolili District",
        "country": "Sierra Leone",
        "country_code": "SL",
        "display_name": "Tonkolili District, Northern Province, Sierra Leone, Sierra Leone"
      }
    },
    {
      "type": "Feature",
      "geometry": {
        "type": "Point",
        "coordinates": [
          57.570357,
          -20.275945
        ]
      },
      "properties": {
        "post_id": "487",
        "row_index": 47,
        "lat_header": "Project main location.lat",
        "lon_header": "Project main location.lon",
        "city": "Dubreuil VCA, Part",
        "state": "Moka",
        "country": "Mauritius",
        "country_code": "MU",
        "display_name": "Dubreuil VCA, Part, Moka, Mauritius"
      }
    },
    {
      "type": "Feature",
      "geometry": {
        "type": "Point",
        "coordinates": [
          -100.445882,
          39.78373
        ]
      },
      "properties": {
        "post_id": "488",
        "row_index": 48,
        "lat_header": "Project main location.lat",
        "lon_header": "Project main location.lon",
        "city": "Decatur County",
        "state": "Kansas",
        "country": "United States",
        "country_code": "US",
        "display_name": "Decatur County, Kansas, United States"
      }
    },
    {
      "type": "Feature",
      "geometry": {
        "type": "Point",
        "coordinates": [
          27.559916,
          -14.518624
        ]
      },
      "properties": {
        "post_id": "489",
        "row_index": 49,
        "lat_header": "Project main location.lat",
        "lon_header": "Project main location.lon",
        "city": "",
        "state": "Central Province",
        "country": "Zambia",
        "country_code": "ZM",
        "display_name": "Chibombo District, Central Province, Zambia"
      }
    },
    {
      "type": "Feature",
      "geometry": {
        "type": "Point",
        "coordinates": [
          35.00152,
          30.876027
        ]
      },
      "properties": {
        "post_id": "490",
        "row_index": 50,
        "lat_header": "Project main location.lat",
        "lon_header": "Project main location.lon",
        "city": "Arava Tichona Regional Council",
        "state": "South District",
        "country": "Israel",
        "country_code": "IL",
        "display_name": "Arava Tichona Regional Council, Beersheba Subdistrict, South District, Israel"
      }
    },
    {
      "type": "Feature",
      "geometry": {
        "type": "Point",
        "coordinates": [
          7.999972,
          9.600036
        ]
      },
      "properties": {
        "post_id": "491",
        "row_index": 51,
        "lat_header": "Project main location.lat",
        "lon_header": "Project main location.lon",
        "city": "Kurmin Musa",
        "state": "Kaduna State",
        "country": "Nigeria",
        "country_code": "NG",
        "display_name": "Kurmin Musa, Kachia, Kaduna State, Nigeria"
      }
    },
    {
      "type": "Feature",
      "geometry": {
        "type": "Point",
        "coordinates": [
          78.667743,
          22.351115
        ]
      },
      "properties": {
        "post_id": "492",
        "row_index": 52,
        "lat_header": "Project main location.lat",
        "lon_header": "Project main location.lon",
        "city": "Tamia Tahsil",
        "state": "Madhya Pradesh",
        "country": "India",
        "country_code": "IN",
        "display_name": "Tamia Tahsil, Chhindwara, Madhya Pradesh, 480559, India"
      }
    },
    {
      "type": "Feature",
      "geometry": {
        "type": "Point",
        "coordinates": [
          85.32851,
          27.653672
        ]
      },
      "properties": {
        "post_id": "493",
        "row_index": 53,
        "lat_header": "Project main location.lat",
        "lon_header": "Project main location.lon",
        "city": "Lalitpur",
        "state": "Bagamati Province",
        "country": "Nepal",
        "country_code": "NP",
        "display_name": "Lalitpur, Lalitpur Metropolitan City, Lalitpur, Bagamati Province, 44707, Nepal"
      }
    },
    {
      "type": "Feature",
      "geometry": {
        "type": "Point",
        "coordinates": [
          -14.452961,
          14.475061
        ]
      },
      "properties": {
        "post_id": "494",
        "row_index": 54,
        "lat_header": "Project main location.lat",
        "lon_header": "Project main location.lon",
        "city": "Communauté rurale de Payar",
        "state": "",
        "country": "Senegal",
        "country_code": "SN",
        "display_name": "Communauté rurale de Payar, Arrondissement de Kouthiaba Wolof, Département de Koumpentoum, Tambacounda Region, Senegal"
      }
    },
    {
      "type": "Feature",
      "geometry": {
        "type": "Point",
        "coordinates": [
          32.216658,
          1.533355
        ]
      },
      "properties": {
        "post_id": "495",
        "row_index": 55,
        "lat_header": "Project main location.lat",
        "lon_header": "Project main location.lon",
        "city": "",
        "state": "Nakasongola",
        "country": "Uganda",
        "country_code": "UG",
        "display_name": "Nakasongola, Central Region, Uganda"
      }
    },
    {
      "type": "Feature",
      "geometry": {
        "type": "Point",
        "coordinates": [
          -88.760093,
          16.825979
        ]
      },
      "properties": {
        "post_id": "496",
        "row_index": 56,
        "lat_header": "Project main location.lat",
        "lon_header": "Project main location.lon",
        "city": "",
        "state": "Cayo",
        "country": "Belize",
        "country_code": "BZ",
        "display_name": "Cayo, Belize"
      }
    },
    {
      "type": "Feature",
      "geometry": {
        "type": "Point",
        "coordinates": [
          32.216658,
          1.533355
        ]
      },
      "properties": {
        "post_id": "497",
        "row_index": 57,
        "lat_header": "Project main location.lat",
        "lon_header": "Project main location.lon",
        "city": "",
        "state": "Nakasongola",
        "country": "Uganda",
        "country_code": "UG",
        "display_name": "Nakasongola, Central Region, Uganda"
      }
    },
    {
      "type": "Feature",
      "geometry": {
        "type": "Point",
        "coordinates": [
          -100.445882,
          39.78373
        ]
      },
      "properties": {
        "post_id": "498",
        "row_index": 58,
        "lat_header": "Project main location.lat",
        "lon_header": "Project main location.lon",
        "city": "Decatur County",
        "state": "Kansas",
        "country": "United States",
        "country_code": "US",
        "display_name": "Decatur County, Kansas, United States"
      }
    },
    {
      "type": "Feature",
      "geometry": {
        "type": "Point",
        "coordinates": [
          83.982812,
          28.209469
        ]
      },
      "properties": {
        "post_id": "499",
        "row_index": 59,
        "lat_header": "Project main location.lat",
        "lon_header": "Project main location.lon",
        "city": "Pokhara",
        "state": "Gandaki Province",
        "country": "Nepal",
        "country_code": "NP",
        "display_name": "Pokhara, Kaski, Gandaki Province, Nepal"
      }
    },
    {
      "type": "Feature",
      "geometry": {
        "type": "Point",
        "coordinates": [
          32.216658,
          1.533355
        ]
      },
      "properties": {
        "post_id": "500",
        "row_index": 60,
        "lat_header": "Project main location.lat",
        "lon_header": "Project main location.lon",
        "city": "",
        "state": "Nakasongola",
        "country": "Uganda",
        "country_code": "UG",
        "display_name": "Nakasongola, Central Region, Uganda"
      }
    },
    {
      "type": "Feature",
      "geometry": {
        "type": "Point",
        "coordinates": [
          -100.000038,
          22.500048
        ]
      },
      "properties": {
        "post_id": "501",
        "row_index": 61,
        "lat_header": "Project main location.lat",
        "lon_header": "Project main location.lon",
        "city": "Ciudad del Maíz",
        "state": "San Luis Potosí",
        "country": "Mexico",
        "country_code": "MX",
        "display_name": "Ciudad del Maíz, San Luis Potosí, Mexico"
      }
    },
    {
      "type": "Feature",
      "geometry": {
        "type": "Point",
        "coordinates": [
          78.667743,
          22.351115
        ]
      },
      "properties": {
        "post_id": "502",
        "row_index": 62,
        "lat_header": "Project main location.lat",
        "lon_header": "Project main location.lon",
        "city": "Tamia Tahsil",
        "state": "Madhya Pradesh",
        "country": "India",
        "country_code": "IN",
        "display_name": "Tamia Tahsil, Chhindwara, Madhya Pradesh, 480559, India"
      }
    },
    {
      "type": "Feature",
      "geometry": {
        "type": "Point",
        "coordinates": [
          78.667743,
          22.351115
        ]
      },
      "properties": {
        "post_id": "503",
        "row_index": 63,
        "lat_header": "Project main location.lat",
        "lon_header": "Project main location.lon",
        "city": "Tamia Tahsil",
        "state": "Madhya Pradesh",
        "country": "India",
        "country_code": "IN",
        "display_name": "Tamia Tahsil, Chhindwara, Madhya Pradesh, 480559, India"
      }
    },
    {
      "type": "Feature",
      "geometry": {
        "type": "Point",
        "coordinates": [
          -53.2,
          -10.333333
        ]
      },
      "properties": {
        "post_id": "504",
        "row_index": 64,
        "lat_header": "Project main location.lat",
        "lon_header": "Project main location.lon",
        "city": "",
        "state": "Mato Grosso",
        "country": "Brazil",
        "country_code": "BR",
        "display_name": "Peixoto de Azevedo, Mato Grosso, Central-West Region, Brazil"
      }
    },
    {
      "type": "Feature",
      "geometry": {
        "type": "Point",
        "coordinates": [
          134.755,
          -24.776109
        ]
      },
      "properties": {
        "post_id": "505",
        "row_index": 65,
        "lat_header": "Project main location.lat",
        "lon_header": "Project main location.lon",
        "city": "",
        "state": "",
        "country": "Australia",
        "country_code": "AU",
        "display_name": "Northern Territory, Australia"
      }
    },
    {
      "type": "Feature",
      "geometry": {
        "type": "Point",
        "coordinates": [
          16.0,
          2.0
        ]
      },
      "properties": {
        "post_id": "506",
        "row_index": 66,
        "lat_header": "Project main location.lat",
        "lon_header": "Project main location.lon",
        "city": "Mouloundou",
        "state": "East",
        "country": "Cameroon",
        "country_code": "CM",
        "display_name": "Mouloundou, Boumba-et-Ngoko, East, Cameroon"
      }
    },
    {
      "type": "Feature",
      "geometry": {
        "type": "Point",
        "coordinates": [
          7.999972,
          9.600036
        ]
      },
      "properties": {
        "post_id": "507",
        "row_index": 67,
        "lat_header": "Project main location.lat",
        "lon_header": "Project main location.lon",
        "city": "Kurmin Musa",
        "state": "Kaduna State",
        "country": "Nigeria",
        "country_code": "NG",
        "display_name": "Kurmin Musa, Kachia, Kaduna State, Nigeria"
      }
    },
    {
      "type": "Feature",
      "geometry": {
        "type": "Point",
        "coordinates": [
          -100.445882,
          39.78373
        ]
      },
      "properties": {
        "post_id": "508",
        "row_index": 68,
        "lat_header": "Project main location.lat",
        "lon_header": "Project main location.lon",
        "city": "Decatur County",
        "state": "Kansas",
        "country": "United States",
        "country_code": "US",
        "display_name": "Decatur County, Kansas, United States"
      }
    },
    {
      "type": "Feature",
      "geometry": {
        "type": "Point",
        "coordinates": [
          29.66679,
          7.869943
        ]
      },
      "properties": {
        "post_id": "509",
        "row_index": 69,
        "lat_header": "Project main location.lat",
        "lon_header": "Project main location.lon",
        "city": "Tonj East",
        "state": "Warrap",
        "country": "South Sudan",
        "country_code": "SS",
        "display_name": "Tonj East, Warrap, South Sudan"
      }
    },
    {
      "type": "Feature",
      "geometry": {
        "type": "Point",
        "coordinates": [
          -1.080027,
          8.030028
        ]
      },
      "properties": {
        "post_id": "510",
        "row_index": 70,
        "lat_header": "Project main location.lat",
        "lon_header": "Project main location.lon",
        "city": "East Gonja Municipal District",
        "state": "Savannah Region",
        "country": "Ghana",
        "country_code": "GH",
        "display_name": "East Gonja Municipal District, Savannah Region, Ghana"
      }
    },
    {
      "type": "Feature",
      "geometry": {
        "type": "Point",
        "coordinates": [
          23.822264,
          -2.981434
        ]
      },
      "properties": {
        "post_id": "511",
        "row_index": 71,
        "lat_header": "Project main location.lat",
        "lon_header": "Project main location.lon",
        "city": "",
        "state": "Sankuru",
        "country": "Democratic Republic of the Congo",
        "country_code": "CD",
        "display_name": "Sankuru, Democratic Republic of the Congo"
      }
    },
    {
      "type": "Feature",
      "geometry": {
        "type": "Point",
        "coordinates": [
          90.293243,
          24.476878
        ]
      },
      "properties": {
        "post_id": "512",
        "row_index": 72,
        "lat_header": "Project main location.lat",
        "lon_header": "Project main location.lon",
        "city": "Fulbaria Upazila",
        "state": "Mymensingh Division",
        "country": "Bangladesh",
        "country_code": "BD",
        "display_name": "Fulbaria Upazila, Mymensingh District, Mymensingh Division, 2216, Bangladesh"
      }
    },
    {
      "type": "Feature",
      "geometry": {
        "type": "Point",
        "coordinates": [
          29.887058,
          -3.363436
        ]
      },
      "properties": {
        "post_id": "513",
        "row_index": 73,
        "lat_header": "Project main location.lat",
        "lon_header": "Project main location.lon",
        "city": "Gitega",
        "state": "Gitega",
        "country": "Burundi",
        "country_code": "BI",
        "display_name": "Gitega, Burundi"
      }
    },
    {
      "type": "Feature",
      "geometry": {
        "type": "Point",
        "coordinates": [
          100.83273,
          14.897192
        ]
      },
      "properties": {
        "post_id": "514",
        "row_index": 74,
        "lat_header": "Project main location.lat",
        "lon_header": "Project main location.lon",
        "city": "Mueang Lop Buri District",
        "state": "",
        "country": "Thailand",
        "country_code": "TH",
        "display_name": "Khok Tum, Mueang Lop Buri District, Lop Buri Province, Thailand"
      }
    },
    {
      "type": "Feature",
      "geometry": {
        "type": "Point",
        "coordinates": [
          71.247499,
          30.33084
        ]
      },
      "properties": {
        "post_id": "515",
        "row_index": 75,
        "lat_header": "Project main location.lat",
        "lon_header": "Project main location.lon",
        "city": "Kot Addu District",
        "state": "Punjab",
        "country": "Pakistan",
        "country_code": "PK",
        "display_name": "Chowk Sarwar Shaheed Tehsil, Kot Addu District, Dera Ghazi Khan Division, Punjab, 34030, Pakistan"
      }
    },
    {
      "type": "Feature",
      "geometry": {
        "type": "Point",
        "coordinates": [
          33.145128,
          34.982302
        ]
      },
      "properties": {
        "post_id": "516",
        "row_index": 76,
        "lat_header": "Project main location.lat",
        "lon_header": "Project main location.lon",
        "city": "Gourri",
        "state": "Cyprus",
        "country": "Cyprus",
        "country_code": "CY",
        "display_name": "Gourri, Oreini Community Cluster, Nicosia District, Cyprus"
      }
    },
    {
      "type": "Feature",
      "geometry": {
        "type": "Point",
        "coordinates": [
          27.559916,
          -14.518624
        ]
      },
      "properties": {
        "post_id": "517",
        "row_index": 77,
        "lat_header": "Project main location.lat",
        "lon_header": "Project main location.lon",
        "city": "",
        "state": "Central Province",
        "country": "Zambia",
        "country_code": "ZM",
        "display_name": "Chibombo District, Central Province, Zambia"
      }
    },
    {
      "type": "Feature",
      "geometry": {
        "type": "Point",
        "coordinates": [
          34.914498,
          -19.302233
        ]
      },
      "properties": {
        "post_id": "518",
        "row_index": 78,
        "lat_header": "Project main location.lat",
        "lon_header": "Project main location.lon",
        "city": "",
        "state": "Sofala Province",
        "country": "Mozambique",
        "country_code": "MZ",
        "display_name": "Muanza, Sofala Province, Zona Centro, Mozambique"
      }
    },
    {
      "type": "Feature",
      "geometry": {
        "type": "Point",
        "coordinates": [
          32.216658,
          1.533355
        ]
      },
      "properties": {
        "post_id": "519",
        "row_index": 79,
        "lat_header": "Project main location.lat",
        "lon_header": "Project main location.lon",
        "city": "",
        "state": "Nakasongola",
        "country": "Uganda",
        "country_code": "UG",
        "display_name": "Nakasongola, Central Region, Uganda"
      }
    },
    {
      "type": "Feature",
      "geometry": {
        "type": "Point",
        "coordinates": [
          -14.452961,
          14.475061
        ]
      },
      "properties": {
        "post_id": "520",
        "row_index": 80,
        "lat_header": "Project main location.lat",
        "lon_header": "Project main location.lon",
        "city": "Communauté rurale de Payar",
        "state": "",
        "country": "Senegal",
        "country_code": "SN",
        "display_name": "Communauté rurale de Payar, Arrondissement de Kouthiaba Wolof, Département de Koumpentoum, Tambacounda Region, Senegal"
      }
    },
    {
      "type": "Feature",
      "geometry": {
        "type": "Point",
        "coordinates": [
          -14.452961,
          14.475061
        ]
      },
      "properties": {
        "post_id": "521",
        "row_index": 81,
        "lat_header": "Project main location.lat",
        "lon_header": "Project main location.lon",
        "city": "Communauté rurale de Payar",
        "state": "",
        "country": "Senegal",
        "country_code": "SN",
        "display_name": "Communauté rurale de Payar, Arrondissement de Kouthiaba Wolof, Département de Koumpentoum, Tambacounda Region, Senegal"
      }
    },
    {
      "type": "Feature",
      "geometry": {
        "type": "Point",
        "coordinates": [
          -77.030034,
          38.893329
        ]
      },
      "properties": {
        "post_id": "522",
        "row_index": 82,
        "lat_header": "Project main location.lat",
        "lon_header": "Project main location.lon",
        "city": "Washington",
        "state": "District of Columbia",
        "country": "United States",
        "country_code": "US",
        "display_name": "Washington, District of Columbia, United States"
      }
    },
    {
      "type": "Feature",
      "geometry": {
        "type": "Point",
        "coordinates": [
          4.666715,
          50.640281
        ]
      },
      "properties": {
        "post_id": "523",
        "row_index": 83,
        "lat_header": "Project main location.lat",
        "lon_header": "Project main location.lon",
        "city": "Nil-Saint-Vincent-Saint-Martin",
        "state": "Walloon Brabant",
        "country": "Belgium",
        "country_code": "BE",
        "display_name": "Nil-Saint-Vincent-Saint-Martin, Walhain, Nivelles, Walloon Brabant, Wallonia, Belgium"
      }
    },
    {
      "type": "Feature",
      "geometry": {
        "type": "Point",
        "coordinates": [
          23.822264,
          -2.981434
        ]
      },
      "properties": {
        "post_id": "524",
        "row_index": 84,
        "lat_header": "Project main location.lat",
        "lon_header": "Project main location.lon",
        "city": "",
        "state": "Sankuru",
        "country": "Democratic Republic of the Congo",
        "country_code": "CD",
        "display_name": "Sankuru, Democratic Republic of the Congo"
      }
    },
    {
      "type": "Feature",
      "geometry": {
        "type": "Point",
        "coordinates": [
          7.999972,
          9.600036
        ]
      },
      "properties": {
        "post_id": "525",
        "row_index": 85,
        "lat_header": "Project main location.lat",
        "lon_header": "Project main location.lon",
        "city": "Kurmin Musa",
        "state": "Kaduna State",
        "country": "Nigeria",
        "country_code": "NG",
        "display_name": "Kurmin Musa, Kachia, Kaduna State, Nigeria"
      }
    },
    {
      "type": "Feature",
      "geometry": {
        "type": "Point",
        "coordinates": [
          -7.336248,
          31.172821
        ]
      },
      "properties": {
        "post_id": "526",
        "row_index": 86,
        "lat_header": "Project main location.lat",
        "lon_header": "Project main location.lon",
        "city": "Ighrem N'Ougdal",
        "state": "Drâa-Tafilalet",
        "country": "Morocco",
        "country_code": "MA",
        "display_name": "Ighrem N'Ougdal, Caïdat de Ighrem N'Ougdal, Cercle d'Amerzgane دائرة أمرزكان, Ouarzazate Province, Drâa-Tafilalet, 45253, Morocco"
      }
    },
    {
      "type": "Feature",
      "geometry": {
        "type": "Point",
        "coordinates": [
          -5.567946,
          7.989737
        ]
      },
      "properties": {
        "post_id": "527",
        "row_index": 87,
        "lat_header": "Project main location.lat",
        "lon_header": "Project main location.lon",
        "city": "",
        "state": "Vallée du Bandama",
        "country": "Ivory Coast",
        "country_code": "CI",
        "display_name": "Gbêkê, Vallée du Bandama, Ivory Coast"
      }
    },
    {
      "type": "Feature",
      "geometry": {
        "type": "Point",
        "coordinates": [
          -100.445882,
          39.78373
        ]
      },
      "properties": {
        "post_id": "528",
        "row_index": 88,
        "lat_header": "Project main location.lat",
        "lon_header": "Project main location.lon",
        "city": "Decatur County",
        "state": "Kansas",
        "country": "United States",
        "country_code": "US",
        "display_name": "Decatur County, Kansas, United States"
      }
    },
    {
      "type": "Feature",
      "geometry": {
        "type": "Point",
        "coordinates": [
          39.049411,
          34.640186
        ]
      },
      "properties": {
        "post_id": "529",
        "row_index": 89,
        "lat_header": "Project main location.lat",
        "lon_header": "Project main location.lon",
        "city": "",
        "state": "Homs Governorate",
        "country": "Syria",
        "country_code": "SY",
        "display_name": "As-Sukhna Subdistrict, Tadmur District, Homs Governorate, Syria"
      }
    },
    {
      "type": "Feature",
      "geometry": {
        "type": "Point",
        "coordinates": [
          32.216658,
          1.533355
        ]
      },
      "properties": {
        "post_id": "530",
        "row_index": 90,
        "lat_header": "Project main location.lat",
        "lon_header": "Project main location.lon",
        "city": "",
        "state": "Nakasongola",
        "country": "Uganda",
        "country_code": "UG",
        "display_name": "Nakasongola, Central Region, Uganda"
      }
    },
    {
      "type": "Feature",
      "geometry": {
        "type": "Point",
        "coordinates": [
          78.667743,
          22.351115
        ]
      },
      "properties": {
        "post_id": "531",
        "row_index": 91,
        "lat_header": "Project main location.lat",
        "lon_header": "Project main location.lon",
        "city": "Tamia Tahsil",
        "state": "Madhya Pradesh",
        "country": "India",
        "country_code": "IN",
        "display_name": "Tamia Tahsil, Chhindwara, Madhya Pradesh, 480559, India"
      }
    },
    {
      "type": "Feature",
      "geometry": {
        "type": "Point",
        "coordinates": [
          -6.765442,
          54.629498
        ]
      },
      "properties": {
        "post_id": "532",
        "row_index": 92,
        "lat_header": "Project main location.lat",
        "lon_header": "Project main location.lon",
        "city": "County Londonderry",
        "state": "Northern Ireland",
        "country": "United Kingdom",
        "country_code": "GB",
        "display_name": "Mid-Ulster District Council, County Londonderry, Northern Ireland, United Kingdom"
      }
    },
    {
      "type": "Feature",
      "geometry": {
        "type": "Point",
        "coordinates": [
          -2.290024,
          16.370036
        ]
      },
      "properties": {
        "post_id": "533",
        "row_index": 93,
        "lat_header": "Project main location.lat",
        "lon_header": "Project main location.lon",
        "city": "Gourma-Rharous Cercle",
        "state": "Timbuktu",
        "country": "Mali",
        "country_code": "ML",
        "display_name": "Gourma-Rharous Cercle, Timbuktu, Mali"
      }
    },
    {
      "type": "Feature",
      "geometry": {
        "type": "Point",
        "coordinates": [
          35.787844,
          -6.524712
        ]
      },
      "properties": {
        "post_id": "534",
        "row_index": 94,
        "lat_header": "Project main location.lat",
        "lon_header": "Project main location.lon",
        "city": "",
        "state": "Dodoma Region",
        "country": "Tanzania",
        "country_code": "TZ",
        "display_name": "Chamwino, Dodoma Region, Central Zone, Tanzania"
      }
    },
    {
      "type": "Feature",
      "geometry": {
        "type": "Point",
        "coordinates": [
          134.755,
          -24.776109
        ]
      },
      "properties": {
        "post_id": "535",
        "row_index": 95,
        "lat_header": "Project main location.lat",
        "lon_header": "Project main location.lon",
        "city": "",
        "state": "",
        "country": "Australia",
        "country_code": "AU",
        "display_name": "Northern Territory, Australia"
      }
    },
    {
      "type": "Feature",
      "geometry": {
        "type": "Point",
        "coordinates": [
          16.0,
          2.0
        ]
      },
      "properties": {
        "post_id": "536",
        "row_index": 96,
        "lat_header": "Project main location.lat",
        "lon_header": "Project main location.lon",
        "city": "Mouloundou",
        "state": "East",
        "country": "Cameroon",
        "country_code": "CM",
        "display_name": "Mouloundou, Boumba-et-Ngoko, East, Cameroon"
      }
    },
    {
      "type": "Feature",
      "geometry": {
        "type": "Point",
        "coordinates": [
          29.267547,
          26.254049
        ]
      },
      "properties": {
        "post_id": "537",
        "row_index": 97,
        "lat_header": "Project main location.lat",
        "lon_header": "Project main location.lon",
        "city": "",
        "state": "New Valley",
        "country": "Egypt",
        "country_code": "EG",
        "display_name": "New Valley, Egypt"
      }
    },
    {
      "type": "Feature",
      "geometry": {
        "type": "Point",
        "coordinates": [
          78.667743,
          22.351115
        ]
      },
      "properties": {
        "post_id": "538",
        "row_index": 98,
        "lat_header": "Project main location.lat",
        "lon_header": "Project main location.lon",
        "city": "Tamia Tahsil",
        "state": "Madhya Pradesh",
        "country": "India",
        "country_code": "IN",
        "display_name": "Tamia Tahsil, Chhindwara, Madhya Pradesh, 480559, India"
      }
    },
    {
      "type": "Feature",
      "geometry": {
        "type": "Point",
        "coordinates": [
          78.667743,
          22.351115
        ]
      },
      "properties": {
        "post_id": "539",
        "row_index": 99,
        "lat_header": "Project main location.lat",
        "lon_header": "Project main location.lon",
        "city": "Tamia Tahsil",
        "state": "Madhya Pradesh",
        "country": "India",
        "country_code": "IN",
        "display_name": "Tamia Tahsil, Chhindwara, Madhya Pradesh, 480559, India"
      }
    },
    {
      "type": "Feature",
      "geometry": {
        "type": "Point",
        "coordinates": [
          122.73121,
          12.750349
        ]
      },
      "properties": {
        "post_id": "540",
        "row_index": 100,
        "lat_header": "Project main location.lat",
        "lon_header": "Project main location.lon",
        "city": "",
        "state": "",
        "country": "Philippines",
        "country_code": "PH",
        "display_name": "Philippines"
      }
    },
    {
      "type": "Feature",
      "geometry": {
        "type": "Point",
        "coordinates": [
          100.83273,
          14.897192
        ]
      },
      "properties": {
        "post_id": "541",
        "row_index": 101,
        "lat_header": "Project main location.lat",
        "lon_header": "Project main location.lon",
        "city": "Mueang Lop Buri District",
        "state": "",
        "country": "Thailand",
        "country_code": "TH",
        "display_name": "Khok Tum, Mueang Lop Buri District, Lop Buri Province, Thailand"
      }
    },
    {
      "type": "Feature",
      "geometry": {
        "type": "Point",
        "coordinates": [
          78.667743,
          22.351115
        ]
      },
      "properties": {
        "post_id": "542",
        "row_index": 102,
        "lat_header": "Project main location.lat",
        "lon_header": "Project main location.lon",
        "city": "Tamia Tahsil",
        "state": "Madhya Pradesh",
        "country": "India",
        "country_code": "IN",
        "display_name": "Tamia Tahsil, Chhindwara, Madhya Pradesh, 480559, India"
      }
    },
    {
      "type": "Feature",
      "geometry": {
        "type": "Point",
        "coordinates": [
          7.999972,
          9.600036
        ]
      },
      "properties": {
        "post_id": "543",
        "row_index": 103,
        "lat_header": "Project main location.lat",
        "lon_header": "Project main location.lon",
        "city": "Kurmin Musa",
        "state": "Kaduna State",
        "country": "Nigeria",
        "country_code": "NG",
        "display_name": "Kurmin Musa, Kachia, Kaduna State, Nigeria"
      }
    },
    {
      "type": "Feature",
      "geometry": {
        "type": "Point",
        "coordinates": [
          90.293243,
          24.476878
        ]
      },
      "properties": {
        "post_id": "544",
        "row_index": 104,
        "lat_header": "Project main location.lat",
        "lon_header": "Project main location.lon",
        "city": "Fulbaria Upazila",
        "state": "Mymensingh Division",
        "country": "Bangladesh",
        "country_code": "BD",
        "display_name": "Fulbaria Upazila, Mymensingh District, Mymensingh Division, 2216, Bangladesh"
      }
    },
    {
      "type": "Feature",
      "geometry": {
        "type": "Point",
        "coordinates": [
          34.914498,
          -19.302233
        ]
      },
      "properties": {
        "post_id": "545",
        "row_index": 105,
        "lat_header": "Project main location.lat",
        "lon_header": "Project main location.lon",
        "city": "",
        "state": "Sofala Province",
        "country": "Mozambique",
        "country_code": "MZ",
        "display_name": "Muanza, Sofala Province, Zona Centro, Mozambique"
      }
    },
    {
      "type": "Feature",
      "geometry": {
        "type": "Point",
        "coordinates": [
          -84.296986,
          33.762086
        ]
      },
      "properties": {
        "post_id": "546",
        "row_index": 106,
        "lat_header": "Project main location.lat",
        "lon_header": "Project main location.lon",
        "city": "Decatur",
        "state": "Georgia",
        "country": "United States",
        "country_code": "US",
        "display_name": "Decatur, DeKalb County, Georgia, 30030, United States"
      }
    },
    {
      "type": "Feature",
      "geometry": {
        "type": "Point",
        "coordinates": [
          -79.387207,
          43.653963
        ]
      },
      "properties": {
        "post_id": "547",
        "row_index": 107,
        "lat_header": "Project main location.lat",
        "lon_header": "Project main location.lon",
        "city": "Toronto",
        "state": "Ontario",
        "country": "Canada",
        "country_code": "CA",
        "display_name": "Toronto, Golden Horseshoe, Ontario, Canada"
      }
    },
    {
      "type": "Feature",
      "geometry": {
        "type": "Point",
        "coordinates": [
          13.153581,
          4.612552
        ]
      },
      "properties": {
        "post_id": "548",
        "row_index": 108,
        "lat_header": "Project main location.lat",
        "lon_header": "Project main location.lon",
        "city": "Minta",
        "state": "Centre",
        "country": "Cameroon",
        "country_code": "CM",
        "display_name": "Minta, Haute-Sanaga, Centre, Cameroon"
      }
    },
    {
      "type": "Feature",
      "geometry": {
        "type": "Point",
        "coordinates": [
          -9.365852,
          5.749972
        ]
      },
      "properties": {
        "post_id": "549",
        "row_index": 109,
        "lat_header": "Project main location.lat",
        "lon_header": "Project main location.lon",
        "city": "Central Rivercess",
        "state": "Rivercess County",
        "country": "Liberia",
        "country_code": "LR",
        "display_name": "Central Rivercess, Rivercess County, Liberia"
      }
    },
    {
      "type": "Feature",
      "geometry": {
        "type": "Point",
        "coordinates": [
          32.216658,
          1.533355
        ]
      },
      "properties": {
        "post_id": "550",
        "row_index": 110,
        "lat_header": "Project main location.lat",
        "lon_header": "Project main location.lon",
        "city": "",
        "state": "Nakasongola",
        "country": "Uganda",
        "country_code": "UG",
        "display_name": "Nakasongola, Central Region, Uganda"
      }
    },
    {
      "type": "Feature",
      "geometry": {
        "type": "Point",
        "coordinates": [
          7.999972,
          9.600036
        ]
      },
      "properties": {
        "post_id": "551",
        "row_index": 111,
        "lat_header": "Project main location.lat",
        "lon_header": "Project main location.lon",
        "city": "Kurmin Musa",
        "state": "Kaduna State",
        "country": "Nigeria",
        "country_code": "NG",
        "display_name": "Kurmin Musa, Kachia, Kaduna State, Nigeria"
      }
    },
    {
      "type": "Feature",
      "geometry": {
        "type": "Point",
        "coordinates": [
          139.703632,
          35.693763
        ]
      },
      "properties": {
        "post_id": "552",
        "row_index": 112,
        "lat_header": "Project main location.lat",
        "lon_header": "Project main location.lon",
        "city": "Shinjuku",
        "state": "",
        "country": "Japan",
        "country_code": "JP",
        "display_name": "Shinjuku, Tokyo, 160-8484, Japan"
      }
    },
    {
      "type": "Feature",
      "geometry": {
        "type": "Point",
        "coordinates": [
          65.20932,
          47.228609
        ]
      },
      "properties": {
        "post_id": "553",
        "row_index": 113,
        "lat_header": "Project main location.lat",
        "lon_header": "Project main location.lon",
        "city": "Ulytau District",
        "state": "Ulytau Region",
        "country": "Kazakhstan",
        "country_code": "KZ",
        "display_name": "Ulytau District, Ulytau Region, 101500, Kazakhstan"
      }
    },
    {
      "type": "Feature",
      "geometry": {
        "type": "Point",
        "coordinates": [
          7.999972,
          9.600036
        ]
      },
      "properties": {
        "post_id": "554",
        "row_index": 114,
        "lat_header": "Project main location.lat",
        "lon_header": "Project main location.lon",
        "city": "Kurmin Musa",
        "state": "Kaduna State",
        "country": "Nigeria",
        "country_code": "NG",
        "display_name": "Kurmin Musa, Kachia, Kaduna State, Nigeria"
      }
    },
    {
      "type": "Feature",
      "geometry": {
        "type": "Point",
        "coordinates": [
          -1.080027,
          8.030028
        ]
      },
      "properties": {
        "post_id": "555",
        "row_index": 115,
        "lat_header": "Project main location.lat",
        "lon_header": "Project main location.lon",
        "city": "East Gonja Municipal District",
        "state": "Savannah Region",
        "country": "Ghana",
        "country_code": "GH",
        "display_name": "East Gonja Municipal District, Savannah Region, Ghana"
      }
    },
    {
      "type": "Feature",
      "geometry": {
        "type": "Point",
        "coordinates": [
          78.667743,
          22.351115
        ]
      },
      "properties": {
        "post_id": "556",
        "row_index": 116,
        "lat_header": "Project main location.lat",
        "lon_header": "Project main location.lon",
        "city": "Tamia Tahsil",
        "state": "Madhya Pradesh",
        "country": "India",
        "country_code": "IN",
        "display_name": "Tamia Tahsil, Chhindwara, Madhya Pradesh, 480559, India"
      }
    },
    {
      "type": "Feature",
      "geometry": {
        "type": "Point",
        "coordinates": [
          78.667743,
          22.351115
        ]
      },
      "properties": {
        "post_id": "557",
        "row_index": 117,
        "lat_header": "Project main location.lat",
        "lon_header": "Project main location.lon",
        "city": "Tamia Tahsil",
        "state": "Madhya Pradesh",
        "country": "India",
        "country_code": "IN",
        "display_name": "Tamia Tahsil, Chhindwara, Madhya Pradesh, 480559, India"
      }
    },
    {
      "type": "Feature",
      "geometry": {
        "type": "Point",
        "coordinates": [
          -2.290024,
          16.370036
        ]
      },
      "properties": {
        "post_id": "558",
        "row_index": 118,
        "lat_header": "Project main location.lat",
        "lon_header": "Project main location.lon",
        "city": "Gourma-Rharous Cercle",
        "state": "Timbuktu",
        "country": "Mali",
        "country_code": "ML",
        "display_name": "Gourma-Rharous Cercle, Timbuktu, Mali"
      }
    },
    {
      "type": "Feature",
      "geometry": {
        "type": "Point",
        "coordinates": [
          122.73121,
          12.750349
        ]
      },
      "properties": {
        "post_id": "559",
        "row_index": 119,
        "lat_header": "Project main location.lat",
        "lon_header": "Project main location.lon",
        "city": "",
        "state": "",
        "country": "Philippines",
        "country_code": "PH",
        "display_name": "Philippines"
      }
    },
    {
      "type": "Feature",
      "geometry": {
        "type": "Point",
        "coordinates": [
          7.999972,
          9.600036
        ]
      },
      "properties": {
        "post_id": "560",
        "row_index": 120,
        "lat_header": "Project main location.lat",
        "lon_header": "Project main location.lon",
        "city": "Kurmin Musa",
        "state": "Kaduna State",
        "country": "Nigeria",
        "country_code": "NG",
        "display_name": "Kurmin Musa, Kachia, Kaduna State, Nigeria"
      }
    },
    {
      "type": "Feature",
      "geometry": {
        "type": "Point",
        "coordinates": [
          74.314044,
          35.92081
        ]
      },
      "properties": {
        "post_id": "561",
        "row_index": 121,
        "lat_header": "Project main location.lat",
        "lon_header": "Project main location.lon",
        "city": "Gilgit",
        "state": "Gilgit-Baltistan",
        "country": "Pakistan",
        "country_code": "PK",
        "display_name": "Gilgit, Gilgit Tehsil, Gilgit District, Gilgit Division, Gilgit-Baltistan, 51100, Pakistan"
      }
    },
    {
      "type": "Feature",
      "geometry": {
        "type": "Point",
        "coordinates": [
          -71.31877,
          -31.761336
        ]
      },
      "properties": {
        "post_id": "562",
        "row_index": 122,
        "lat_header": "Project main location.lat",
        "lon_header": "Project main location.lon",
        "city": "Illapel",
        "state": "Coquimbo Region",
        "country": "Chile",
        "country_code": "CL",
        "display_name": "Illapel, Provincia de Choapa, Coquimbo Region, 1930000, Chile"
      }
    },
    {
      "type": "Feature",
      "geometry": {
        "type": "Point",
        "coordinates": [
          16.0,
          2.0
        ]
      },
      "properties": {
        "post_id": "563",
        "row_index": 123,
        "lat_header": "Project main location.lat",
        "lon_header": "Project main location.lon",
        "city": "Mouloundou",
        "state": "East",
        "country": "Cameroon",
        "country_code": "CM",
        "display_name": "Mouloundou, Boumba-et-Ngoko, East, Cameroon"
      }
    },
    {
      "type": "Feature",
      "geometry": {
        "type": "Point",
        "coordinates": [
          7.999972,
          9.600036
        ]
      },
      "properties": {
        "post_id": "564",
        "row_index": 124,
        "lat_header": "Project main location.lat",
        "lon_header": "Project main location.lon",
        "city": "Kurmin Musa",
        "state": "Kaduna State",
        "country": "Nigeria",
        "country_code": "NG",
        "display_name": "Kurmin Musa, Kachia, Kaduna State, Nigeria"
      }
    },
    {
      "type": "Feature",
      "geometry": {
        "type": "Point",
        "coordinates": [
          90.293243,
          24.476878
        ]
      },
      "properties": {
        "post_id": "565",
        "row_index": 125,
        "lat_header": "Project main location.lat",
        "lon_header": "Project main location.lon",
        "city": "Fulbaria Upazila",
        "state": "Mymensingh Division",
        "country": "Bangladesh",
        "country_code": "BD",
        "display_name": "Fulbaria Upazila, Mymensingh District, Mymensingh Division, 2216, Bangladesh"
      }
    },
    {
      "type": "Feature",
      "geometry": {
        "type": "Point",
        "coordinates": [
          -100.445882,
          39.78373
        ]
      },
      "properties": {
        "post_id": "566",
        "row_index": 126,
        "lat_header": "Project main location.lat",
        "lon_header": "Project main location.lon",
        "city": "Decatur County",
        "state": "Kansas",
        "country": "United States",
        "country_code": "US",
        "display_name": "Decatur County, Kansas, United States"
      }
    },
    {
      "type": "Feature",
      "geometry": {
        "type": "Point",
        "coordinates": [
          16.0,
          2.0
        ]
      },
      "properties": {
        "post_id": "567",
        "row_index": 127,
        "lat_header": "Project main location.lat",
        "lon_header": "Project main location.lon",
        "city": "Mouloundou",
        "state": "East",
        "country": "Cameroon",
        "country_code": "CM",
        "display_name": "Mouloundou, Boumba-et-Ngoko, East, Cameroon"
      }
    },
    {
      "type": "Feature",
      "geometry": {
        "type": "Point",
        "coordinates": [
          78.667743,
          22.351115
        ]
      },
      "properties": {
        "post_id": "568",
        "row_index": 128,
        "lat_header": "Project main location.lat",
        "lon_header": "Project main location.lon",
        "city": "Tamia Tahsil",
        "state": "Madhya Pradesh",
        "country": "India",
        "country_code": "IN",
        "display_name": "Tamia Tahsil, Chhindwara, Madhya Pradesh, 480559, India"
      }
    },
    {
      "type": "Feature",
      "geometry": {
        "type": "Point",
        "coordinates": [
          33.930196,
          -13.26872
        ]
      },
      "properties": {
        "post_id": "569",
        "row_index": 129,
        "lat_header": "Project main location.lat",
        "lon_header": "Project main location.lon",
        "city": "",
        "state": "Ntchisi",
        "country": "Malawi",
        "country_code": "MW",
        "display_name": "Ntchisi, Central Region, Malawi, Malawi"
      }
    },
    {
      "type": "Feature",
      "geometry": {
        "type": "Point",
        "coordinates": [
          -100.000038,
          22.500048
        ]
      },
      "properties": {
        "post_id": "570",
        "row_index": 130,
        "lat_header": "Project main location.lat",
        "lon_header": "Project main location.lon",
        "city": "Ciudad del Maíz",
        "state": "San Luis Potosí",
        "country": "Mexico",
        "country_code": "MX",
        "display_name": "Ciudad del Maíz, San Luis Potosí, Mexico"
      }
    },
    {
      "type": "Feature",
      "geometry": {
        "type": "Point",
        "coordinates": [
          44.174977,
          33.095579
        ]
      },
      "properties": {
        "post_id": "571",
        "row_index": 131,
        "lat_header": "Project main location.lat",
        "lon_header": "Project main location.lon",
        "city": "",
        "state": "Baghdad Governorate",
        "country": "Iraq",
        "country_code": "IQ",
        "display_name": "Al-Yusufiyah Subdistrict, Mahmoudiya District, Baghdad Governorate, Iraq"
      }
    },
    {
      "type": "Feature",
      "geometry": {
        "type": "Point",
        "coordinates": [
          13.153581,
          4.612552
        ]
      },
      "properties": {
        "post_id": "572",
        "row_index": 132,
        "lat_header": "Project main location.lat",
        "lon_header": "Project main location.lon",
        "city": "Minta",
        "state": "Centre",
        "country": "Cameroon",
        "country_code": "CM",
        "display_name": "Minta, Haute-Sanaga, Centre, Cameroon"
      }
    },
    {
      "type": "Feature",
      "geometry": {
        "type": "Point",
        "coordinates": [
          38.431398,
          1.441968
        ]
      },
      "properties": {
        "post_id": "573",
        "row_index": 133,
        "lat_header": "Project main location.lat",
        "lon_header": "Project main location.lon",
        "city": "Merti",
        "state": "Isiolo",
        "country": "Kenya",
        "country_code": "KE",
        "display_name": "Merti, Isiolo, Kenya"
      }
    },
    {
      "type": "Feature",
      "geometry": {
        "type": "Point",
        "coordinates": [
          -74.611502,
          40.569391
        ]
      },
      "properties": {
        "post_id": "574",
        "row_index": 134,
        "lat_header": "Project main location.lat",
        "lon_header": "Project main location.lon",
        "city": "Somerville",
        "state": "New Jersey",
        "country": "United States",
        "country_code": "US",
        "display_name": "Somerville, Somerset County, New Jersey, United States"
      }
    },
    {
      "type": "Feature",
      "geometry": {
        "type": "Point",
        "coordinates": [
          104.999927,
          35.000074
        ]
      },
      "properties": {
        "post_id": "575",
        "row_index": 135,
        "lat_header": "Project main location.lat",
        "lon_header": "Project main location.lon",
        "city": "Bangluo",
        "state": "Gansu",
        "country": "China",
        "country_code": "CN",
        "display_name": "Bangluo, Tongwei County, Dingxi City, Gansu, China"
      }
    },
    {
      "type": "Feature",
      "geometry": {
        "type": "Point",
        "coordinates": [
          7.999972,
          9.600036
        ]
      },
      "properties": {
        "post_id": "576",
        "row_index": 136,
        "lat_header": "Project main location.lat",
        "lon_header": "Project main location.lon",
        "city": "Kurmin Musa",
        "state": "Kaduna State",
        "country": "Nigeria",
        "country_code": "NG",
        "display_name": "Kurmin Musa, Kachia, Kaduna State, Nigeria"
      }
    },
    {
      "type": "Feature",
      "geometry": {
        "type": "Point",
        "coordinates": [
          31.271832,
          49.487197
        ]
      },
      "properties": {
        "post_id": "577",
        "row_index": 137,
        "lat_header": "Project main location.lat",
        "lon_header": "Project main location.lon",
        "city": "Cherkasy Raion",
        "state": "Cherkasy Oblast",
        "country": "Ukraine",
        "country_code": "UA",
        "display_name": "Набутівська сільська громада, Cherkasy Raion, Cherkasy Oblast, Ukraine"
      }
    },
    {
      "type": "Feature",
      "geometry": {
        "type": "Point",
        "coordinates": [
          32.216658,
          1.533355
        ]
      },
      "properties": {
        "post_id": "578",
        "row_index": 138,
        "lat_header": "Project main location.lat",
        "lon_header": "Project main location.lon",
        "city": "",
        "state": "Nakasongola",
        "country": "Uganda",
        "country_code": "UG",
        "display_name": "Nakasongola, Central Region, Uganda"
      }
    },
    {
      "type": "Feature",
      "geometry": {
        "type": "Point",
        "coordinates": [
          32.216658,
          -4.799336
        ]
      },
      "properties": {
        "post_id": "578",
        "row_index": 138,
        "lat_header": "Additional project location.lat",
        "lon_header": "Project main location.lon",
        "city": "Itundu Ward",
        "state": "Tabora Region",
        "country": "Tanzania",
        "country_code": "TZ",
        "display_name": "Itundu Ward, Urambo, Tabora Region, Central Zone, Tanzania"
      }
    },
    {
      "type": "Feature",
      "geometry": {
        "type": "Point",
        "coordinates": [
          35.787844,
          -6.524712
        ]
      },
      "properties": {
        "post_id": "579",
        "row_index": 139,
        "lat_header": "Project main location.lat",
        "lon_header": "Project main location.lon",
        "city": "",
        "state": "Dodoma Region",
        "country": "Tanzania",
        "country_code": "TZ",
        "display_name": "Chamwino, Dodoma Region, Central Zone, Tanzania"
      }
    },
    {
      "type": "Feature",
      "geometry": {
        "type": "Point",
        "coordinates": [
          78.667743,
          22.351115
        ]
      },
      "properties": {
        "post_id": "580",
        "row_index": 140,
        "lat_header": "Project main location.lat",
        "lon_header": "Project main location.lon",
        "city": "Tamia Tahsil",
        "state": "Madhya Pradesh",
        "country": "India",
        "country_code": "IN",
        "display_name": "Tamia Tahsil, Chhindwara, Madhya Pradesh, 480559, India"
      }
    },
    {
      "type": "Feature",
      "geometry": {
        "type": "Point",
        "coordinates": [
          7.999972,
          9.600036
        ]
      },
      "properties": {
        "post_id": "581",
        "row_index": 141,
        "lat_header": "Project main location.lat",
        "lon_header": "Project main location.lon",
        "city": "Kurmin Musa",
        "state": "Kaduna State",
        "country": "Nigeria",
        "country_code": "NG",
        "display_name": "Kurmin Musa, Kachia, Kaduna State, Nigeria"
      }
    },
    {
      "type": "Feature",
      "geometry": {
        "type": "Point",
        "coordinates": [
          78.667743,
          22.351115
        ]
      },
      "properties": {
        "post_id": "582",
        "row_index": 142,
        "lat_header": "Project main location.lat",
        "lon_header": "Project main location.lon",
        "city": "Tamia Tahsil",
        "state": "Madhya Pradesh",
        "country": "India",
        "country_code": "IN",
        "display_name": "Tamia Tahsil, Chhindwara, Madhya Pradesh, 480559, India"
      }
    },
    {
      "type": "Feature",
      "geometry": {
        "type": "Point",
        "coordinates": [
          32.216658,
          1.533355
        ]
      },
      "properties": {
        "post_id": "583",
        "row_index": 143,
        "lat_header": "Project main location.lat",
        "lon_header": "Project main location.lon",
        "city": "",
        "state": "Nakasongola",
        "country": "Uganda",
        "country_code": "UG",
        "display_name": "Nakasongola, Central Region, Uganda"
      }
    },
    {
      "type": "Feature",
      "geometry": {
        "type": "Point",
        "coordinates": [
          16.0,
          2.0
        ]
      },
      "properties": {
        "post_id": "584",
        "row_index": 144,
        "lat_header": "Project main location.lat",
        "lon_header": "Project main location.lon",
        "city": "Mouloundou",
        "state": "East",
        "country": "Cameroon",
        "country_code": "CM",
        "display_name": "Mouloundou, Boumba-et-Ngoko, East, Cameroon"
      }
    },
    {
      "type": "Feature",
      "geometry": {
        "type": "Point",
        "coordinates": [
          122.73121,
          12.750349
        ]
      },
      "properties": {
        "post_id": "585",
        "row_index": 145,
        "lat_header": "Project main location.lat",
        "lon_header": "Project main location.lon",
        "city": "",
        "state": "",
        "country": "Philippines",
        "country_code": "PH",
        "display_name": "Philippines"
      }
    },
    {
      "type": "Feature",
      "geometry": {
        "type": "Point",
        "coordinates": [
          -97.168579,
          49.884017
        ]
      },
      "properties": {
        "post_id": "586",
        "row_index": 146,
        "lat_header": "Project main location.lat",
        "lon_header": "Project main location.lon",
        "city": "Winnipeg",
        "state": "Manitoba",
        "country": "Canada",
        "country_code": "CA",
        "display_name": "Winnipeg, Manitoba, Canada"
      }
    },
    {
      "type": "Feature",
      "geometry": {
        "type": "Point",
        "coordinates": [
          -100.000038,
          22.500048
        ]
      },
      "properties": {
        "post_id": "587",
        "row_index": 147,
        "lat_header": "Project main location.lat",
        "lon_header": "Project main location.lon",
        "city": "Ciudad del Maíz",
        "state": "San Luis Potosí",
        "country": "Mexico",
        "country_code": "MX",
        "display_name": "Ciudad del Maíz, San Luis Potosí, Mexico"
      }
    },
    {
      "type": "Feature",
      "geometry": {
        "type": "Point",
        "coordinates": [
          104.999927,
          35.000074
        ]
      },
      "properties": {
        "post_id": "588",
        "row_index": 148,
        "lat_header": "Project main location.lat",
        "lon_header": "Project main location.lon",
        "city": "Bangluo",
        "state": "Gansu",
        "country": "China",
        "country_code": "CN",
        "display_name": "Bangluo, Tongwei County, Dingxi City, Gansu, China"
      }
    },
    {
      "type": "Feature",
      "geometry": {
        "type": "Point",
        "coordinates": [
          78.667743,
          22.351115
        ]
      },
      "properties": {
        "post_id": "589",
        "row_index": 149,
        "lat_header": "Project main location.lat",
        "lon_header": "Project main location.lon",
        "city": "Tamia Tahsil",
        "state": "Madhya Pradesh",
        "country": "India",
        "country_code": "IN",
        "display_name": "Tamia Tahsil, Chhindwara, Madhya Pradesh, 480559, India"
      }
    },
    {
      "type": "Feature",
      "geometry": {
        "type": "Point",
        "coordinates": [
          7.999972,
          9.600036
        ]
      },
      "properties": {
        "post_id": "590",
        "row_index": 150,
        "lat_header": "Project main location.lat",
        "lon_header": "Project main location.lon",
        "city": "Kurmin Musa",
        "state": "Kaduna State",
        "country": "Nigeria",
        "country_code": "NG",
        "display_name": "Kurmin Musa, Kachia, Kaduna State, Nigeria"
      }
    },
    {
      "type": "Feature",
      "geometry": {
        "type": "Point",
        "coordinates": [
          7.999972,
          9.600036
        ]
      },
      "properties": {
        "post_id": "591",
        "row_index": 151,
        "lat_header": "Project main location.lat",
        "lon_header": "Project main location.lon",
        "city": "Kurmin Musa",
        "state": "Kaduna State",
        "country": "Nigeria",
        "country_code": "NG",
        "display_name": "Kurmin Musa, Kachia, Kaduna State, Nigeria"
      }
    },
    {
      "type": "Feature",
      "geometry": {
        "type": "Point",
        "coordinates": [
          7.999972,
          9.600036
        ]
      },
      "properties": {
        "post_id": "592",
        "row_index": 152,
        "lat_header": "Project main location.lat",
        "lon_header": "Project main location.lon",
        "city": "Kurmin Musa",
        "state": "Kaduna State",
        "country": "Nigeria",
        "country_code": "NG",
        "display_name": "Kurmin Musa, Kachia, Kaduna State, Nigeria"
      }
    },
    {
      "type": "Feature",
      "geometry": {
        "type": "Point",
        "coordinates": [
          32.216658,
          1.533355
        ]
      },
      "properties": {
        "post_id": "593",
        "row_index": 153,
        "lat_header": "Project main location.lat",
        "lon_header": "Project main location.lon",
        "city": "",
        "state": "Nakasongola",
        "country": "Uganda",
        "country_code": "UG",
        "display_name": "Nakasongola, Central Region, Uganda"
      }
    },
    {
      "type": "Feature",
      "geometry": {
        "type": "Point",
        "coordinates": [
          35.787844,
          -6.524712
        ]
      },
      "properties": {
        "post_id": "594",
        "row_index": 154,
        "lat_header": "Project main location.lat",
        "lon_header": "Project main location.lon",
        "city": "",
        "state": "Dodoma Region",
        "country": "Tanzania",
        "country_code": "TZ",
        "display_name": "Chamwino, Dodoma Region, Central Zone, Tanzania"
      }
    },
    {
      "type": "Feature",
      "geometry": {
        "type": "Point",
        "coordinates": [
          7.999972,
          9.600036
        ]
      },
      "properties": {
        "post_id": "595",
        "row_index": 155,
        "lat_header": "Project main location.lat",
        "lon_header": "Project main location.lon",
        "city": "Kurmin Musa",
        "state": "Kaduna State",
        "country": "Nigeria",
        "country_code": "NG",
        "display_name": "Kurmin Musa, Kachia, Kaduna State, Nigeria"
      }
    },
    {
      "type": "Feature",
      "geometry": {
        "type": "Point",
        "coordinates": [
          23.822264,
          -2.981434
        ]
      },
      "properties": {
        "post_id": "596",
        "row_index": 156,
        "lat_header": "Project main location.lat",
        "lon_header": "Project main location.lon",
        "city": "",
        "state": "Sankuru",
        "country": "Democratic Republic of the Congo",
        "country_code": "CD",
        "display_name": "Sankuru, Democratic Republic of the Congo"
      }
    },
    {
      "type": "Feature",
      "geometry": {
        "type": "Point",
        "coordinates": [
          -100.445882,
          39.78373
        ]
      },
      "properties": {
        "post_id": "597",
        "row_index": 157,
        "lat_header": "Project main location.lat",
        "lon_header": "Project main location.lon",
        "city": "Decatur County",
        "state": "Kansas",
        "country": "United States",
        "country_code": "US",
        "display_name": "Decatur County, Kansas, United States"
      }
    },
    {
      "type": "Feature",
      "geometry": {
        "type": "Point",
        "coordinates": [
          7.999972,
          9.600036
        ]
      },
      "properties": {
        "post_id": "598",
        "row_index": 158,
        "lat_header": "Project main location.lat",
        "lon_header": "Project main location.lon",
        "city": "Kurmin Musa",
        "state": "Kaduna State",
        "country": "Nigeria",
        "country_code": "NG",
        "display_name": "Kurmin Musa, Kachia, Kaduna State, Nigeria"
      }
    },
    {
      "type": "Feature",
      "geometry": {
        "type": "Point",
        "coordinates": [
          103.378253,
          20.017111
        ]
      },
      "properties": {
        "post_id": "599",
        "row_index": 159,
        "lat_header": "Project main location.lat",
        "lon_header": "Project main location.lon",
        "city": "Hiam District",
        "state": "Houaphanh",
        "country": "Laos",
        "country_code": "LA",
        "display_name": "Hiam District, Houaphanh, Laos"
      }
    },
    {
      "type": "Feature",
      "geometry": {
        "type": "Point",
        "coordinates": [
          78.667743,
          22.351115
        ]
      },
      "properties": {
        "post_id": "600",
        "row_index": 160,
        "lat_header": "Project main location.lat",
        "lon_header": "Project main location.lon",
        "city": "Tamia Tahsil",
        "state": "Madhya Pradesh",
        "country": "India",
        "country_code": "IN",
        "display_name": "Tamia Tahsil, Chhindwara, Madhya Pradesh, 480559, India"
      }
    },
    {
      "type": "Feature",
      "geometry": {
        "type": "Point",
        "coordinates": [
          35.787844,
          -6.524712
        ]
      },
      "properties": {
        "post_id": "601",
        "row_index": 161,
        "lat_header": "Project main location.lat",
        "lon_header": "Project main location.lon",
        "city": "",
        "state": "Dodoma Region",
        "country": "Tanzania",
        "country_code": "TZ",
        "display_name": "Chamwino, Dodoma Region, Central Zone, Tanzania"
      }
    },
    {
      "type": "Feature",
      "geometry": {
        "type": "Point",
        "coordinates": [
          78.667743,
          22.351115
        ]
      },
      "properties": {
        "post_id": "602",
        "row_index": 162,
        "lat_header": "Project main location.lat",
        "lon_header": "Project main location.lon",
        "city": "Tamia Tahsil",
        "state": "Madhya Pradesh",
        "country": "India",
        "country_code": "IN",
        "display_name": "Tamia Tahsil, Chhindwara, Madhya Pradesh, 480559, India"
      }
    },
    {
      "type": "Feature",
      "geometry": {
        "type": "Point",
        "coordinates": [
          71.247499,
          30.33084
        ]
      },
      "properties": {
        "post_id": "603",
        "row_index": 163,
        "lat_header": "Project main location.lat",
        "lon_header": "Project main location.lon",
        "city": "Kot Addu District",
        "state": "Punjab",
        "country": "Pakistan",
        "country_code": "PK",
        "display_name": "Chowk Sarwar Shaheed Tehsil, Kot Addu District, Dera Ghazi Khan Division, Punjab, 34030, Pakistan"
      }
    },
    {
      "type": "Feature",
      "geometry": {
        "type": "Point",
        "coordinates": [
          53.999483,
          24.000249
        ]
      },
      "properties": {
        "post_id": "604",
        "row_index": 164,
        "lat_header": "Project main location.lat",
        "lon_header": "Project main location.lon",
        "city": "Um Laylah",
        "state": "Abu Dhabi Emirate",
        "country": "United Arab Emirates",
        "country_code": "AE",
        "display_name": "Um Laylah, Al Dhafrah Region, Abu Dhabi Emirate, United Arab Emirates"
      }
    },
    {
      "type": "Feature",
      "geometry": {
        "type": "Point",
        "coordinates": [
          53.999483,
          5.749972
        ]
      },
      "properties": {
        "post_id": "604",
        "row_index": 164,
        "lat_header": "Additional project location.lat",
        "lon_header": "Project main location.lon",
        "city": "",
        "state": "",
        "country": "",
        "country_code": "",
        "display_name": null
      }
    },
    {
      "type": "Feature",
      "geometry": {
        "type": "Point",
        "coordinates": [
          53.999483,
          31.172821
        ]
      },
      "properties": {
        "post_id": "604",
        "row_index": 164,
        "lat_header": "Additional project location 2.lat",
        "lon_header": "Project main location.lon",
        "city": "دهستان گاریزات",
        "state": "Yazd Province",
        "country": "Iran",
        "country_code": "IR",
        "display_name": "دهستان گاریزات, بخش گاریزات, Taft County, Yazd Province, Iran"
      }
    },
    {
      "type": "Feature",
      "geometry": {
        "type": "Point",
        "coordinates": [
          80.258989,
          13.11693
        ]
      },
      "properties": {
        "post_id": "605",
        "row_index": 165,
        "lat_header": "Project main location.lat",
        "lon_header": "Project main location.lon",
        "city": "Chennai",
        "state": "Tamil Nadu",
        "country": "India",
        "country_code": "IN",
        "display_name": "Chennai, Tamil Nadu, India"
      }
    },
    {
      "type": "Feature",
      "geometry": {
        "type": "Point",
        "coordinates": [
          -100.445882,
          39.78373
        ]
      },
      "properties": {
        "post_id": "606",
        "row_index": 166,
        "lat_header": "Project main location.lat",
        "lon_header": "Project main location.lon",
        "city": "Decatur County",
        "state": "Kansas",
        "country": "United States",
        "country_code": "US",
        "display_name": "Decatur County, Kansas, United States"
      }
    },
    {
      "type": "Feature",
      "geometry": {
        "type": "Point",
        "coordinates": [
          -100.445882,
          -24.776109
        ]
      },
      "properties": {
        "post_id": "606",
        "row_index": 166,
        "lat_header": "Additional project location.lat",
        "lon_header": "Project main location.lon",
        "city": "",
        "state": "",
        "country": "",
        "country_code": "",
        "display_name": null
      }
    },
    {
      "type": "Feature",
      "geometry": {
        "type": "Point",
        "coordinates": [
          -100.445882,
          -25.839449
        ]
      },
      "properties": {
        "post_id": "606",
        "row_index": 166,
        "lat_header": "Additional project location 2.lat",
        "lon_header": "Project main location.lon",
        "city": "",
        "state": "",
        "country": "",
        "country_code": "",
        "display_name": null
      }
    },
    {
      "type": "Feature",
      "geometry": {
        "type": "Point",
        "coordinates": [
          -77.051269,
          38.85799
        ]
      },
      "properties": {
        "post_id": "607",
        "row_index": 167,
        "lat_header": "Project main location.lat",
        "lon_header": "Project main location.lon",
        "city": "Arlington",
        "state": "Virginia",
        "country": "United States",
        "country_code": "US",
        "display_name": "Arlington, Arlington County, Virginia, 22209, United States"
      }
    },
    {
      "type": "Feature",
      "geometry": {
        "type": "Point",
        "coordinates": [
          3.04389,
          50.783556
        ]
      },
      "properties": {
        "post_id": "608",
        "row_index": 168,
        "lat_header": "Project main location.lat",
        "lon_header": "Project main location.lon",
        "city": "Wervik",
        "state": "West Flanders",
        "country": "Belgium",
        "country_code": "BE",
        "display_name": "Wervik, Ieper, West Flanders, Flanders, Belgium"
      }
    },
    {
      "type": "Feature",
      "geometry": {
        "type": "Point",
        "coordinates": [
          -14.501953,
          24.979419
        ]
      },
      "properties": {
        "post_id": "609",
        "row_index": 169,
        "lat_header": "Project main location.lat",
        "lon_header": "Project main location.lon",
        "city": "Jraifia",
        "state": "",
        "country": "Morocco",
        "country_code": "MA",
        "display_name": "Jraifia, caïdat de Jraifia قيادة الجريفية, cercle de Jraifia دائرة الجريفية, Boujdour Province, Morocco"
      }
    },
    {
      "type": "Feature",
      "geometry": {
        "type": "Point",
        "coordinates": [
          8.71511,
          49.405791
        ]
      },
      "properties": {
        "post_id": "610",
        "row_index": 170,
        "lat_header": "Project main location.lat",
        "lon_header": "Project main location.lon",
        "city": "Heidelberg",
        "state": "Baden-Württemberg",
        "country": "Germany",
        "country_code": "DE",
        "display_name": "Heidelberg, Baden-Württemberg, Germany"
      }
    },
    {
      "type": "Feature",
      "geometry": {
        "type": "Point",
        "coordinates": [
          8.71511,
          -0.375587
        ]
      },
      "properties": {
        "post_id": "610",
        "row_index": 170,
        "lat_header": "Additional project location.lat",
        "lon_header": "Project main location.lon",
        "city": "",
        "state": "Ogooué-Maritime Province",
        "country": "Gabon",
        "country_code": "GA",
        "display_name": "Ogooué-Maritime Province, Gabon"
      }
    },
    {
      "type": "Feature",
      "geometry": {
        "type": "Point",
        "coordinates": [
          3.407693,
          6.405378
        ]
      },
      "properties": {
        "post_id": "611",
        "row_index": 171,
        "lat_header": "Project main location.lat",
        "lon_header": "Project main location.lon",
        "city": "Eti Osa",
        "state": "Lagos State",
        "country": "Nigeria",
        "country_code": "NG",
        "display_name": "Eti Osa, Lagos State, Nigeria"
      }
    },
    {
      "type": "Feature",
      "geometry": {
        "type": "Point",
        "coordinates": [
          -101.0,
          20.9877
        ]
      },
      "properties": {
        "post_id": "612",
        "row_index": 172,
        "lat_header": "Project main location.lat",
        "lon_header": "Project main location.lon",
        "city": "Dolores Hidalgo",
        "state": "Guanajuato",
        "country": "Mexico",
        "country_code": "MX",
        "display_name": "Dolores Hidalgo, Guanajuato, Mexico"
      }
    },
    {
      "type": "Feature",
      "geometry": {
        "type": "Point",
        "coordinates": [
          -101.0,
          4.648685
        ]
      },
      "properties": {
        "post_id": "612",
        "row_index": 172,
        "lat_header": "Additional project location.lat",
        "lon_header": "Project main location.lon",
        "city": "",
        "state": "",
        "country": "",
        "country_code": "",
        "display_name": null
      }
    },
    {
      "type": "Feature",
      "geometry": {
        "type": "Point",
        "coordinates": [
          -101.0,
          -17.333333
        ]
      },
      "properties": {
        "post_id": "612",
        "row_index": 172,
        "lat_header": "Additional project location 2.lat",
        "lon_header": "Project main location.lon",
        "city": "",
        "state": "",
        "country": "",
        "country_code": "",
        "display_name": null
      }
    },
    {
      "type": "Feature",
      "geometry": {
        "type": "Point",
        "coordinates": [
          -76.797516022068,
          39.2675635
        ]
      },
      "properties": {
        "post_id": "613",
        "row_index": 173,
        "lat_header": "Project main location.lat",
        "lon_header": "Project main location.lon",
        "city": "Columbia",
        "state": "Maryland",
        "country": "United States",
        "country_code": "US",
        "display_name": "Columbia, Howard County, Maryland, 21044, United States"
      }
    },
    {
      "type": "Feature",
      "geometry": {
        "type": "Point",
        "coordinates": [
          -76.797516022068,
          34.6401861
        ]
      },
      "properties": {
        "post_id": "613",
        "row_index": 173,
        "lat_header": "Additional project location.lat",
        "lon_header": "Project main location.lon",
        "city": "",
        "state": "",
        "country": "United States",
        "country_code": "US",
        "display_name": "United States"
      }
    },
    {
      "type": "Feature",
      "geometry": {
        "type": "Point",
        "coordinates": [
          31.2718321,
          49.4871968
        ]
      },
      "properties": {
        "post_id": "614",
        "row_index": 174,
        "lat_header": "Project main location.lat",
        "lon_header": "Project main location.lon",
        "city": "Cherkasy Raion",
        "state": "Cherkasy Oblast",
        "country": "Ukraine",
        "country_code": "UA",
        "display_name": "Набутівська сільська громада, Cherkasy Raion, Cherkasy Oblast, Ukraine"
      }
    },
    {
      "type": "Feature",
      "geometry": {
        "type": "Point",
        "coordinates": [
          -121.9856782,
          47.7423219
        ]
      },
      "properties": {
        "post_id": "615",
        "row_index": 175,
        "lat_header": "Project main location.lat",
        "lon_header": "Project main location.lon",
        "city": "Duvall",
        "state": "Washington",
        "country": "United States",
        "country_code": "US",
        "display_name": "Duvall, King County, Washington, United States"
      }
    },
    {
      "type": "Feature",
      "geometry": {
        "type": "Point",
        "coordinates": [
          -121.9856782,
          47.5348778
        ]
      },
      "properties": {
        "post_id": "615",
        "row_index": 175,
        "lat_header": "Additional project location.lat",
        "lon_header": "Project main location.lon",
        "city": "King County",
        "state": "Washington",
        "country": "United States",
        "country_code": "US",
        "display_name": "King County, Washington, United States"
      }
    },
    {
      "type": "Feature",
      "geometry": {
        "type": "Point",
        "coordinates": [
          121.00313529721,
          14.556316482624
        ]
      },
      "properties": {
        "post_id": "620",
        "row_index": 176,
        "lat_header": "Project main location.lat__2",
        "lon_header": "Project main location.lon__2",
        "city": "Makati",
        "state": "",
        "country": "Philippines",
        "country_code": "PH",
        "display_name": "District I, Makati, Southern Manila District, Metro Manila, Philippines"
      }
    },
    {
      "type": "Feature",
      "geometry": {
        "type": "Point",
        "coordinates": [
          48.0665448,
          -21.256883
        ]
      },
      "properties": {
        "post_id": "621",
        "row_index": 177,
        "lat_header": "Project main location.lat",
        "lon_header": "Project main location.lon",
        "city": "Marokarima",
        "state": "Vatovavy",
        "country": "Madagascar",
        "country_code": "MG",
        "display_name": "Marokarima, District of Mananjary, Vatovavy, Province de Fianarantsoa, Madagascar"
      }
    },
    {
      "type": "Feature",
      "geometry": {
        "type": "Point",
        "coordinates": [
          48.0665448,
          50.112313451247
        ]
      },
      "properties": {
        "post_id": "621",
        "row_index": 177,
        "lat_header": "Additional project location.lat",
        "lon_header": "Project main location.lon",
        "city": "Novouzensky District",
        "state": "Saratov Oblast",
        "country": "Russia",
        "country_code": "RU",
        "display_name": "Алгайское сельское поселение, Novouzensky District, Saratov Oblast, Volga Federal District, 413344, Russia"
      }
    },
    {
      "type": "Feature",
      "geometry": {
        "type": "Point",
        "coordinates": [
          -106.650985,
          35.0841034
        ]
      },
      "properties": {
        "post_id": "623",
        "row_index": 179,
        "lat_header": "Project main location.lat__2",
        "lon_header": "Project main location.lon__2",
        "city": "Albuquerque",
        "state": "New Mexico",
        "country": "United States",
        "country_code": "US",
        "display_name": "Albuquerque, Bernalillo County, New Mexico, United States"
      }
    },
    {
      "type": "Feature",
      "geometry": {
        "type": "Point",
        "coordinates": [
          -106.650985,
          39.4225192
        ]
      },
      "properties": {
        "post_id": "623",
        "row_index": 179,
        "lat_header": "Additional project location.lat__2",
        "lon_header": "Project main location.lon__2",
        "city": "Eagle County",
        "state": "Colorado",
        "country": "United States",
        "country_code": "US",
        "display_name": "Eagle County, Colorado, United States"
      }
    },
    {
      "type": "Feature",
      "geometry": {
        "type": "Point",
        "coordinates": [
          46.4416422,
          -18.9249604
        ]
      },
      "properties": {
        "post_id": "626",
        "row_index": 180,
        "lat_header": "Project main location.lat__2",
        "lon_header": "Project main location.lon__2",
        "city": "Tsiroanomandidy",
        "state": "Bongolava",
        "country": "Madagascar",
        "country_code": "MG",
        "display_name": "Tsiroanomandidy, Bongolava, Province d’Antananarivo, Madagascar"
      }
    },
    {
      "type": "Feature",
      "geometry": {
        "type": "Point",
        "coordinates": [
          46.4416422,
          33.7734352
        ]
      },
      "properties": {
        "post_id": "626",
        "row_index": 180,
        "lat_header": "Additional project location.lat__2",
        "lon_header": "Project main location.lon__2",
        "city": "دهستان کارزان",
        "state": "Ilam Province",
        "country": "Iran",
        "country_code": "IR",
        "display_name": "دهستان کارزان, بخش کارزان, Sirvan County, Ilam Province, Iran"
      }
    },
    {
      "type": "Feature",
      "geometry": {
        "type": "Point",
        "coordinates": [
          15.8717378,
          46.4198096
        ]
      },
      "properties": {
        "post_id": "627",
        "row_index": 181,
        "lat_header": "Project main location.lat__2",
        "lon_header": "Project main location.lon__2",
        "city": "",
        "state": "",
        "country": "Slovenia",
        "country_code": "SI",
        "display_name": "Ptuj, Slovenia"
      }
    },
    {
      "type": "Feature",
      "geometry": {
        "type": "Point",
        "coordinates": [
          15.8717378,
          50.112313451247
        ]
      },
      "properties": {
        "post_id": "627",
        "row_index": 181,
        "lat_header": "Additional project location.lat__2",
        "lon_header": "Project main location.lon__2",
        "city": "",
        "state": "Pardubice Region",
        "country": "Czechia",
        "country_code": "CZ",
        "display_name": "Újezd u Sezemic, okres Pardubice, Pardubice Region, Czechia"
      }
    },
    {
      "type": "Feature",
      "geometry": {
        "type": "Point",
        "coordinates": [
          36.837952136993,
          -1.3163123767417
        ]
      },
      "properties": {
        "post_id": "628",
        "row_index": 182,
        "lat_header": "Project main location.lat__2",
        "lon_header": "Project main location.lon__2",
        "city": "Nairobi",
        "state": "Nairobi County",
        "country": "Kenya",
        "country_code": "KE",
        "display_name": "Nairobi South ward, Starehe, Nairobi, Nairobi County, 00603, Kenya"
      }
    },
    {
      "type": "Feature",
      "geometry": {
        "type": "Point",
        "coordinates": [
          36.837952136993,
          50.112313451247
        ]
      },
      "properties": {
        "post_id": "628",
        "row_index": 182,
        "lat_header": "Additional project location.lat__2",
        "lon_header": "Project main location.lon__2",
        "city": "Chuhuiv Raion",
        "state": "Kharkiv Oblast",
        "country": "Ukraine",
        "country_code": "UA",
        "display_name": "Старосалтівська селищна громада, Chuhuiv Raion, Kharkiv Oblast, Ukraine"
      }
    },
    {
      "type": "Feature",
      "geometry": {
        "type": "Point",
        "coordinates": [
          36.828842018137,
          -1.30261485
        ]
      },
      "properties": {
        "post_id": "629",
        "row_index": 183,
        "lat_header": "Project main location.lat__2",
        "lon_header": "Project main location.lon__2",
        "city": "Nairobi",
        "state": "Nairobi County",
        "country": "Kenya",
        "country_code": "KE",
        "display_name": "Landimawe ward, Starehe, Nairobi, Nairobi County, 00500, Kenya"
      }
    },
    {
      "type": "Feature",
      "geometry": {
        "type": "Point",
        "coordinates": [
          36.828842018137,
          50.112313451247
        ]
      },
      "properties": {
        "post_id": "629",
        "row_index": 183,
        "lat_header": "Additional project location.lat__2",
        "lon_header": "Project main location.lon__2",
        "city": "Chuhuiv Raion",
        "state": "Kharkiv Oblast",
        "country": "Ukraine",
        "country_code": "UA",
        "display_name": "Старосалтівська селищна громада, Chuhuiv Raion, Kharkiv Oblast, Ukraine"
      }
    },
    {
      "type": "Feature",
      "geometry": {
        "type": "Point",
        "coordinates": [
          -116.71875,
          50.112313451247
        ]
      },
      "properties": {
        "post_id": "630",
        "row_index": 184,
        "lat_header": "Project main location.lat__2",
        "lon_header": "Project main location.lon__2",
        "city": "Area D (Lardeau Valley/Duncan Lake)",
        "state": "British Columbia",
        "country": "Canada",
        "country_code": "CA",
        "display_name": "Area D (Lardeau Valley/Duncan Lake), Regional District of Central Kootenay, British Columbia, Canada"
      }
    },
    {
      "type": "Feature",
      "geometry": {
        "type": "Point",
        "coordinates": [
          -73.93798828125,
          4.3854364957115
        ]
      },
      "properties": {
        "post_id": "631",
        "row_index": 185,
        "lat_header": "Project main location.lat__2",
        "lon_header": "Project main location.lon__2",
        "city": "Cáqueza",
        "state": "Cundinamarca",
        "country": "Colombia",
        "country_code": "CO",
        "display_name": "Cáqueza, Oriente, Cundinamarca, RAP (Especial) Central, Colombia"
      }
    },
    {
      "type": "Feature",
      "geometry": {
        "type": "Point",
        "coordinates": [
          -73.93798828125,
          50.112313451247
        ]
      },
      "properties": {
        "post_id": "631",
        "row_index": 185,
        "lat_header": "Additional project location.lat__2",
        "lon_header": "Project main location.lon__2",
        "city": "Eeyou Istchee James Bay",
        "state": "Quebec",
        "country": "Canada",
        "country_code": "CA",
        "display_name": "Eeyou Istchee James Bay, Jamésie, Nord-du-Québec, Quebec, Canada"
      }
    },
    {
      "type": "Feature",
      "geometry": {
        "type": "Point",
        "coordinates": [
          34.774325679035,
          -0.6799752535208
        ]
      },
      "properties": {
        "post_id": "632",
        "row_index": 186,
        "lat_header": "Project main location.lat__2",
        "lon_header": "Project main location.lon__2",
        "city": "Kisii Central ward",
        "state": "Kisii County",
        "country": "Kenya",
        "country_code": "KE",
        "display_name": "Kisii Central ward, Kisii Central, Kisii County, Kenya"
      }
    },
    {
      "type": "Feature",
      "geometry": {
        "type": "Point",
        "coordinates": [
          34.774325679035,
          -0.749763
        ]
      },
      "properties": {
        "post_id": "632",
        "row_index": 186,
        "lat_header": "Additional project location.lat__2",
        "lon_header": "Project main location.lon__2",
        "city": "Bobasi Chache ward",
        "state": "Kisii County",
        "country": "Kenya",
        "country_code": "KE",
        "display_name": "Bobasi Chache ward, Sameta, Kisii County, 40200, Kenya"
      }
    },
    {
      "type": "Feature",
      "geometry": {
        "type": "Point",
        "coordinates": [
          46.629152297974,
          24.686172549081
        ]
      },
      "properties": {
        "post_id": "633",
        "row_index": 187,
        "lat_header": "Project main location.lat__2",
        "lon_header": "Project main location.lon__2",
        "city": "Riyadh",
        "state": "Riyadh Region",
        "country": "Saudi Arabia",
        "country_code": "SA",
        "display_name": "Riyadh, Riyadh governorate, Riyadh Region, 12643, Saudi Arabia"
      }
    },
    {
      "type": "Feature",
      "geometry": {
        "type": "Point",
        "coordinates": [
          46.629152297974,
          50.112313451247
        ]
      },
      "properties": {
        "post_id": "633",
        "row_index": 187,
        "lat_header": "Additional project location.lat__2",
        "lon_header": "Project main location.lon__2",
        "city": "Pallasovsky District",
        "state": "Volgograd Oblast",
        "country": "Russia",
        "country_code": "RU",
        "display_name": "Ромашковское сельское поселение, Pallasovsky District, Volgograd Oblast, Southern Federal District, 404234, Russia"
      }
    },
    {
      "type": "Feature",
      "geometry": {
        "type": "Point",
        "coordinates": [
          38.34228515625,
          0.71289130389072
        ]
      },
      "properties": {
        "post_id": "634",
        "row_index": 188,
        "lat_header": "Project main location.lat",
        "lon_header": "Project main location.lon",
        "city": "Garbatulla",
        "state": "Isiolo",
        "country": "Kenya",
        "country_code": "KE",
        "display_name": "Garbatulla, Isiolo, Kenya"
      }
    },
    {
      "type": "Feature",
      "geometry": {
        "type": "Point",
        "coordinates": [
          38.34228515625,
          10.03511915411
        ]
      },
      "properties": {
        "post_id": "634",
        "row_index": 188,
        "lat_header": "Additional project location.lat",
        "lon_header": "Project main location.lon",
        "city": "",
        "state": "Oromia Region",
        "country": "Ethiopia",
        "country_code": "ET",
        "display_name": "North Shewa (Oromia Region), Oromia Region, 1221, Ethiopia"
      }
    },
    {
      "type": "Feature",
      "geometry": {
        "type": "Point",
        "coordinates": [
          38.34228515625,
          27.419928648469
        ]
      },
      "properties": {
        "post_id": "634",
        "row_index": 188,
        "lat_header": "Additional project location 2.lat",
        "lon_header": "Project main location.lon",
        "city": "",
        "state": "Tabuk Province",
        "country": "Saudi Arabia",
        "country_code": "SA",
        "display_name": "Tayma, Tabuk Province, Saudi Arabia"
      }
    },
    {
      "type": "Feature",
      "geometry": {
        "type": "Point",
        "coordinates": [
          7.6904296875,
          9.4395790894294
        ]
      },
      "properties": {
        "post_id": "635",
        "row_index": 189,
        "lat_header": "Project main location.lat__2",
        "lon_header": "Project main location.lon__2",
        "city": "Kushe",
        "state": "Kaduna State",
        "country": "Nigeria",
        "country_code": "NG",
        "display_name": "Kushe, Kagarko, Kaduna State, Nigeria"
      }
    },
    {
      "type": "Feature",
      "geometry": {
        "type": "Point",
        "coordinates": [
          7.6904296875,
          9.5293472
        ]
      },
      "properties": {
        "post_id": "635",
        "row_index": 189,
        "lat_header": "Additional project location.lat__2",
        "lon_header": "Project main location.lon__2",
        "city": "Kagarko South",
        "state": "Kaduna State",
        "country": "Nigeria",
        "country_code": "NG",
        "display_name": "Kagarko South, Kagarko, Kaduna State, Nigeria"
      }
    },
    {
      "type": "Feature",
      "geometry": {
        "type": "Point",
        "coordinates": [
          4.5604451,
          7.482824
        ]
      },
      "properties": {
        "post_id": "636",
        "row_index": 190,
        "lat_header": "Project main location.lat__2",
        "lon_header": "Project main location.lon__2",
        "city": "Ife",
        "state": "Osun State",
        "country": "Nigeria",
        "country_code": "NG",
        "display_name": "Ife, Ife Central, Osun State, 220282, Nigeria"
      }
    },
    {
      "type": "Feature",
      "geometry": {
        "type": "Point",
        "coordinates": [
          4.5604451,
          50.112313451247
        ]
      },
      "properties": {
        "post_id": "636",
        "row_index": 190,
        "lat_header": "Additional project location.lat__2",
        "lon_header": "Project main location.lon__2",
        "city": "Philippeville",
        "state": "Namur",
        "country": "Belgium",
        "country_code": "BE",
        "display_name": "Fagnolle, Philippeville, Namur, Wallonia, Belgium"
      }
    },
    {
      "type": "Feature",
      "geometry": {
        "type": "Point",
        "coordinates": [
          0.43945297450671,
          6.664425811259
        ]
      },
      "properties": {
        "post_id": "637",
        "row_index": 191,
        "lat_header": "Project main location.lat__2",
        "lon_header": "Project main location.lon__2",
        "city": "Ho",
        "state": "Volta Region",
        "country": "Ghana",
        "country_code": "GH",
        "display_name": "Ho, Ho Municipal District, Volta Region, VH-0010-3089, Ghana"
      }
    },
    {
      "type": "Feature",
      "geometry": {
        "type": "Point",
        "coordinates": [
          0.43945297450671,
          5.9989117
        ]
      },
      "properties": {
        "post_id": "637",
        "row_index": 191,
        "lat_header": "Additional project location.lat__2",
        "lon_header": "Project main location.lon__2",
        "city": "North Tongu District",
        "state": "Volta Region",
        "country": "Ghana",
        "country_code": "GH",
        "display_name": "North Tongu District, Volta Region, Ghana"
      }
    },
    {
      "type": "Feature",
      "geometry": {
        "type": "Point",
        "coordinates": [
          38.75,
          9.0
        ]
      },
      "properties": {
        "post_id": "638",
        "row_index": 192,
        "lat_header": "Project main location.lat__2",
        "lon_header": "Project main location.lon__2",
        "city": "Kirkos",
        "state": "Addis Ababa",
        "country": "Ethiopia",
        "country_code": "ET",
        "display_name": "Kirkos, Addis Ababa, Ethiopia"
      }
    },
    {
      "type": "Feature",
      "geometry": {
        "type": "Point",
        "coordinates": [
          38.75,
          9.0358287
        ]
      },
      "properties": {
        "post_id": "638",
        "row_index": 192,
        "lat_header": "Additional project location.lat__2",
        "lon_header": "Project main location.lon__2",
        "city": "Addis Ababa",
        "state": "Addis Ababa",
        "country": "Ethiopia",
        "country_code": "ET",
        "display_name": "Addis Ababa, Arada, Addis Ababa, 3578, Ethiopia"
      }
    },
    {
      "type": "Feature",
      "geometry": {
        "type": "Point",
        "coordinates": [
          7.921142578125,
          9.6200446874656
        ]
      },
      "properties": {
        "post_id": "639",
        "row_index": 193,
        "lat_header": "Project main location.lat__2",
        "lon_header": "Project main location.lon__2",
        "city": "Aribi",
        "state": "Kaduna State",
        "country": "Nigeria",
        "country_code": "NG",
        "display_name": "Aribi, Kagarko, Kaduna State, Nigeria"
      }
    },
    {
      "type": "Feature",
      "geometry": {
        "type": "Point",
        "coordinates": [
          7.921142578125,
          9.9529576755777
        ]
      },
      "properties": {
        "post_id": "639",
        "row_index": 193,
        "lat_header": "Additional project location.lat__2",
        "lon_header": "Project main location.lon__2",
        "city": "Agunu",
        "state": "Kaduna State",
        "country": "Nigeria",
        "country_code": "NG",
        "display_name": "Agunu, Kachia, Kaduna State, Nigeria"
      }
    },
    {
      "type": "Feature",
      "geometry": {
        "type": "Point",
        "coordinates": [
          -116.71875,
          50.112313451247
        ]
      },
      "properties": {
        "post_id": "640",
        "row_index": 194,
        "lat_header": "Additional project location.lat",
        "lon_header": "Additional project location.lon",
        "city": "Area D (Lardeau Valley/Duncan Lake)",
        "state": "British Columbia",
        "country": "Canada",
        "country_code": "CA",
        "display_name": "Area D (Lardeau Valley/Duncan Lake), Regional District of Central Kootenay, British Columbia, Canada"
      }
    },
    {
      "type": "Feature",
      "geometry": {
        "type": "Point",
        "coordinates": [
          2.109823,
          13.524834
        ]
      },
      "properties": {
        "post_id": "641",
        "row_index": 195,
        "lat_header": "Project main location.lat__2",
        "lon_header": "Project main location.lon__2",
        "city": "Niamey",
        "state": "",
        "country": "Niger",
        "country_code": "NE",
        "display_name": "Kalley 2, Arrondissement Communal Niamey 2, Niamey, Kollo, Niger"
      }
    },
    {
      "type": "Feature",
      "geometry": {
        "type": "Point",
        "coordinates": [
          2.109823,
          17.7356214
        ]
      },
      "properties": {
        "post_id": "641",
        "row_index": 195,
        "lat_header": "Additional project location.lat__2",
        "lon_header": "Project main location.lon__2",
        "city": "",
        "state": "Ménaka",
        "country": "Mali",
        "country_code": "ML",
        "display_name": "Ménaka, Mali"
      }
    },
    {
      "type": "Feature",
      "geometry": {
        "type": "Point",
        "coordinates": [
          27.5589884,
          -14.5189121
        ]
      },
      "properties": {
        "post_id": "642",
        "row_index": 196,
        "lat_header": "Project main location.lat",
        "lon_header": "Project main location.lon",
        "city": "",
        "state": "Central Province",
        "country": "Zambia",
        "country_code": "ZM",
        "display_name": "Chibombo District, Central Province, Zambia"
      }
    },
    {
      "type": "Feature",
      "geometry": {
        "type": "Point",
        "coordinates": [
          27.5589884,
          -18.4554963
        ]
      },
      "properties": {
        "post_id": "642",
        "row_index": 196,
        "lat_header": "Additional project location.lat",
        "lon_header": "Project main location.lon",
        "city": "Lupane",
        "state": "Matabeleland North Province",
        "country": "Zimbabwe",
        "country_code": "ZW",
        "display_name": "Lupane, Matabeleland North Province, Zimbabwe"
      }
    },
    {
      "type": "Feature",
      "geometry": {
        "type": "Point",
        "coordinates": [
          27.5589884,
          -13.2687204
        ]
      },
      "properties": {
        "post_id": "642",
        "row_index": 196,
        "lat_header": "Additional project location 2.lat",
        "lon_header": "Project main location.lon",
        "city": "",
        "state": "Copperbelt Province",
        "country": "Zambia",
        "country_code": "ZM",
        "display_name": "Lufwanyama District, Copperbelt Province, Zambia"
      }
    },
    {
      "type": "Feature",
      "geometry": {
        "type": "Point",
        "coordinates": [
          23.88427734375,
          -2.2454424451683
        ]
      },
      "properties": {
        "post_id": "643",
        "row_index": 197,
        "lat_header": "Project main location.lat__2",
        "lon_header": "Project main location.lon__2",
        "city": "",
        "state": "Sankuru",
        "country": "Democratic Republic of the Congo",
        "country_code": "CD",
        "display_name": "Sankuru, Democratic Republic of the Congo"
      }
    },
    {
      "type": "Feature",
      "geometry": {
        "type": "Point",
        "coordinates": [
          23.88427734375,
          50.112313451247
        ]
      },
      "properties": {
        "post_id": "643",
        "row_index": 197,
        "lat_header": "Additional project location.lat__2",
        "lon_header": "Project main location.lon__2",
        "city": "",
        "state": "Lviv Oblast",
        "country": "Ukraine",
        "country_code": "UA",
        "display_name": "Добросинсько-Магерівська сільська громада, Lviv Raion, Lviv Oblast, Ukraine"
      }
    },
    {
      "type": "Feature",
      "geometry": {
        "type": "Point",
        "coordinates": [
          71.247499,
          30.3308401
        ]
      },
      "properties": {
        "post_id": "644",
        "row_index": 198,
        "lat_header": "Project main location.lat",
        "lon_header": "Project main location.lon",
        "city": "Kot Addu District",
        "state": "Punjab",
        "country": "Pakistan",
        "country_code": "PK",
        "display_name": "Chowk Sarwar Shaheed Tehsil, Kot Addu District, Dera Ghazi Khan Division, Punjab, 34030, Pakistan"
      }
    },
    {
      "type": "Feature",
      "geometry": {
        "type": "Point",
        "coordinates": [
          71.247499,
          50.112313451247
        ]
      },
      "properties": {
        "post_id": "644",
        "row_index": 198,
        "lat_header": "Additional project location.lat",
        "lon_header": "Project main location.lon",
        "city": "Nura District",
        "state": "Karaganda Region",
        "country": "Kazakhstan",
        "country_code": "KZ",
        "display_name": "Nura District, Karaganda Region, Kazakhstan"
      }
    },
    {
      "type": "Feature",
      "geometry": {
        "type": "Point",
        "coordinates": [
          117.8902853,
          -2.4833826
        ]
      },
      "properties": {
        "post_id": "645",
        "row_index": 199,
        "lat_header": "Project main location.lat__2",
        "lon_header": "Project main location.lon__2",
        "city": "",
        "state": "West Sulawesi",
        "country": "Indonesia",
        "country_code": "ID",
        "display_name": "West Sulawesi, Indonesia"
      }
    },
    {
      "type": "Feature",
      "geometry": {
        "type": "Point",
        "coordinates": [
          -116.71875,
          50.112313451247
        ]
      },
      "properties": {
        "post_id": "646",
        "row_index": 200,
        "lat_header": "Project main location.lat__2",
        "lon_header": "Project main location.lon__2",
        "city": "Area D (Lardeau Valley/Duncan Lake)",
        "state": "British Columbia",
        "country": "Canada",
        "country_code": "CA",
        "display_name": "Area D (Lardeau Valley/Duncan Lake), Regional District of Central Kootenay, British Columbia, Canada"
      }
    },
    {
      "type": "Feature",
      "geometry": {
        "type": "Point",
        "coordinates": [
          -13.26795,
          8.479004
        ]
      },
      "properties": {
        "post_id": "647",
        "row_index": 201,
        "lat_header": "Project main location.lat",
        "lon_header": "Project main location.lon",
        "city": "Freetown",
        "state": "Western Area Urban",
        "country": "Sierra Leone",
        "country_code": "SL",
        "display_name": "Freetown, Western Area Urban, Western Area, Sierra Leone"
      }
    },
    {
      "type": "Feature",
      "geometry": {
        "type": "Point",
        "coordinates": [
          -13.26795,
          50.112313451247
        ]
      },
      "properties": {
        "post_id": "647",
        "row_index": 201,
        "lat_header": "Additional project location.lat",
        "lon_header": "Project main location.lon",
        "city": "",
        "state": "",
        "country": "",
        "country_code": "",
        "display_name": null
      }
    },
    {
      "type": "Feature",
      "geometry": {
        "type": "Point",
        "coordinates": [
          -116.71875,
          50.112313451247
        ]
      },
      "properties": {
        "post_id": "648",
        "row_index": 202,
        "lat_header": "Project main location.lat__2",
        "lon_header": "Project main location.lon__2",
        "city": "Area D (Lardeau Valley/Duncan Lake)",
        "state": "British Columbia",
        "country": "Canada",
        "country_code": "CA",
        "display_name": "Area D (Lardeau Valley/Duncan Lake), Regional District of Central Kootenay, British Columbia, Canada"
      }
    },
    {
      "type": "Feature",
      "geometry": {
        "type": "Point",
        "coordinates": [
          -116.71875,
          50.112313451247
        ]
      },
      "properties": {
        "post_id": "649",
        "row_index": 203,
        "lat_header": "Project main location.lat__2",
        "lon_header": "Project main location.lon__2",
        "city": "Area D (Lardeau Valley/Duncan Lake)",
        "state": "British Columbia",
        "country": "Canada",
        "country_code": "CA",
        "display_name": "Area D (Lardeau Valley/Duncan Lake), Regional District of Central Kootenay, British Columbia, Canada"
      }
    },
    {
      "type": "Feature",
      "geometry": {
        "type": "Point",
        "coordinates": [
          -116.71875,
          50.156138753418
        ]
      },
      "properties": {
        "post_id": "649",
        "row_index": 203,
        "lat_header": "Additional project location.lat__2",
        "lon_header": "Project main location.lon__2",
        "city": "Area D (Lardeau Valley/Duncan Lake)",
        "state": "British Columbia",
        "country": "Canada",
        "country_code": "CA",
        "display_name": "Area D (Lardeau Valley/Duncan Lake), Regional District of Central Kootenay, British Columbia, Canada"
      }
    },
    {
      "type": "Feature",
      "geometry": {
        "type": "Point",
        "coordinates": [
          37.276611328125,
          -1.7379765183929
        ]
      },
      "properties": {
        "post_id": "650",
        "row_index": 204,
        "lat_header": "Project main location.lat__2",
        "lon_header": "Project main location.lon__2",
        "city": "Kiima kiu/kalanzoni ward",
        "state": "Makueni",
        "country": "Kenya",
        "country_code": "KE",
        "display_name": "Kiima kiu/kalanzoni ward, Kilome, Makueni, Kenya"
      }
    },
    {
      "type": "Feature",
      "geometry": {
        "type": "Point",
        "coordinates": [
          37.276611328125,
          0.2479211700113
        ]
      },
      "properties": {
        "post_id": "650",
        "row_index": 204,
        "lat_header": "Additional project location.lat__2",
        "lon_header": "Project main location.lon__2",
        "city": "Laikipia North",
        "state": "Laikipia County",
        "country": "Kenya",
        "country_code": "KE",
        "display_name": "Laikipia North, Laikipia County, Kenya"
      }
    },
    {
      "type": "Feature",
      "geometry": {
        "type": "Point",
        "coordinates": [
          -12.4486705,
          8.3348348
        ]
      },
      "properties": {
        "post_id": "651",
        "row_index": 205,
        "lat_header": "Project main location.lat__2",
        "lon_header": "Project main location.lon__2",
        "city": "",
        "state": "Tonkolili District",
        "country": "Sierra Leone",
        "country_code": "SL",
        "display_name": "Tonkolili District, Northern Province, Sierra Leone, Sierra Leone"
      }
    },
    {
      "type": "Feature",
      "geometry": {
        "type": "Point",
        "coordinates": [
          -12.4486705,
          8.3769134902825
        ]
      },
      "properties": {
        "post_id": "651",
        "row_index": 205,
        "lat_header": "Additional project location.lat__2",
        "lon_header": "Project main location.lon__2",
        "city": "",
        "state": "Tonkolili District",
        "country": "Sierra Leone",
        "country_code": "SL",
        "display_name": "Tonkolili District, Northern Province, Sierra Leone, Sierra Leone"
      }
    },
    {
      "type": "Feature",
      "geometry": {
        "type": "Point",
        "coordinates": [
          38.4313975,
          1.4419683
        ]
      },
      "properties": {
        "post_id": "652",
        "row_index": 206,
        "lat_header": "Project main location.lat",
        "lon_header": "Project main location.lon",
        "city": "Merti",
        "state": "Isiolo",
        "country": "Kenya",
        "country_code": "KE",
        "display_name": "Merti, Isiolo, Kenya"
      }
    },
    {
      "type": "Feature",
      "geometry": {
        "type": "Point",
        "coordinates": [
          38.4313975,
          50.112313451247
        ]
      },
      "properties": {
        "post_id": "652",
        "row_index": 206,
        "lat_header": "Additional project location.lat",
        "lon_header": "Project main location.lon",
        "city": "Вейделевский муниципальный округ",
        "state": "Belgorod Oblast",
        "country": "Russia",
        "country_code": "RU",
        "display_name": "Вейделевский муниципальный округ, Belgorod Oblast, Central Federal District, Russia"
      }
    },
    {
      "type": "Feature",
      "geometry": {
        "type": "Point",
        "coordinates": [
          -116.71875,
          50.112313451247
        ]
      },
      "properties": {
        "post_id": "653",
        "row_index": 207,
        "lat_header": "Project main location.lat__2",
        "lon_header": "Project main location.lon__2",
        "city": "Area D (Lardeau Valley/Duncan Lake)",
        "state": "British Columbia",
        "country": "Canada",
        "country_code": "CA",
        "display_name": "Area D (Lardeau Valley/Duncan Lake), Regional District of Central Kootenay, British Columbia, Canada"
      }
    },
    {
      "type": "Feature",
      "geometry": {
        "type": "Point",
        "coordinates": [
          -116.71875,
          50.112313451247
        ]
      },
      "properties": {
        "post_id": "654",
        "row_index": 208,
        "lat_header": "Project main location.lat",
        "lon_header": "Project main location.lon",
        "city": "Area D (Lardeau Valley/Duncan Lake)",
        "state": "British Columbia",
        "country": "Canada",
        "country_code": "CA",
        "display_name": "Area D (Lardeau Valley/Duncan Lake), Regional District of Central Kootenay, British Columbia, Canada"
      }
    },
    {
      "type": "Feature",
      "geometry": {
        "type": "Point",
        "coordinates": [
          36.6880794,
          -3.3696827
        ]
      },
      "properties": {
        "post_id": "655",
        "row_index": 209,
        "lat_header": "Project main location.lat__2",
        "lon_header": "Project main location.lon__2",
        "city": "Arusha",
        "state": "Arusha",
        "country": "Tanzania",
        "country_code": "TZ",
        "display_name": "Arusha, Arusha Municipal, Arusha, Northern Zone, 23103, Tanzania"
      }
    },
    {
      "type": "Feature",
      "geometry": {
        "type": "Point",
        "coordinates": [
          36.6880794,
          50.112313451247
        ]
      },
      "properties": {
        "post_id": "655",
        "row_index": 209,
        "lat_header": "Additional project location.lat__2",
        "lon_header": "Project main location.lon__2",
        "city": "Chuhuiv Raion",
        "state": "Kharkiv Oblast",
        "country": "Ukraine",
        "country_code": "UA",
        "display_name": "Вовчанська міська громада, Chuhuiv Raion, Kharkiv Oblast, Ukraine"
      }
    },
    {
      "type": "Feature",
      "geometry": {
        "type": "Point",
        "coordinates": [
          -116.71875,
          50.112313451247
        ]
      },
      "properties": {
        "post_id": "656",
        "row_index": 210,
        "lat_header": "Project main location.lat__2",
        "lon_header": "Project main location.lon__2",
        "city": "Area D (Lardeau Valley/Duncan Lake)",
        "state": "British Columbia",
        "country": "Canada",
        "country_code": "CA",
        "display_name": "Area D (Lardeau Valley/Duncan Lake), Regional District of Central Kootenay, British Columbia, Canada"
      }
    },
    {
      "type": "Feature",
      "geometry": {
        "type": "Point",
        "coordinates": [
          78.004912661258,
          27.165323419497
        ]
      },
      "properties": {
        "post_id": "657",
        "row_index": 211,
        "lat_header": "Project main location.lat__2",
        "lon_header": "Project main location.lon__2",
        "city": "Agra",
        "state": "Uttar Pradesh",
        "country": "India",
        "country_code": "IN",
        "display_name": "Agra, Uttar Pradesh, 280001, India"
      }
    },
    {
      "type": "Feature",
      "geometry": {
        "type": "Point",
        "coordinates": [
          78.004912661258,
          28.614869066602
        ]
      },
      "properties": {
        "post_id": "657",
        "row_index": 211,
        "lat_header": "Additional project location.lat__2",
        "lon_header": "Project main location.lon__2",
        "city": "Syana",
        "state": "Uttar Pradesh",
        "country": "India",
        "country_code": "IN",
        "display_name": "Syana, Bulandshahr, Uttar Pradesh, India"
      }
    },
    {
      "type": "Feature",
      "geometry": {
        "type": "Point",
        "coordinates": [
          7.965087890625,
          10.057656829564
        ]
      },
      "properties": {
        "post_id": "658",
        "row_index": 212,
        "lat_header": "Project main location.lat__2",
        "lon_header": "Project main location.lon__2",
        "city": "Agunu",
        "state": "Kaduna State",
        "country": "Nigeria",
        "country_code": "NG",
        "display_name": "Agunu, Kachia, Kaduna State, Nigeria"
      }
    },
    {
      "type": "Feature",
      "geometry": {
        "type": "Point",
        "coordinates": [
          7.965087890625,
          50.112313451247
        ]
      },
      "properties": {
        "post_id": "658",
        "row_index": 212,
        "lat_header": "Additional project location.lat__2",
        "lon_header": "Project main location.lon__2",
        "city": "Rheingau-Taunus-Kreis",
        "state": "Hesse",
        "country": "Germany",
        "country_code": "DE",
        "display_name": "Schlangenbad, Rheingau-Taunus-Kreis, Hesse, 65388, Germany"
      }
    },
    {
      "type": "Feature",
      "geometry": {
        "type": "Point",
        "coordinates": [
          38.4313975,
          1.4419683
        ]
      },
      "properties": {
        "post_id": "659",
        "row_index": 213,
        "lat_header": "Project main location.lat__2",
        "lon_header": "Project main location.lon__2",
        "city": "Merti",
        "state": "Isiolo",
        "country": "Kenya",
        "country_code": "KE",
        "display_name": "Merti, Isiolo, Kenya"
      }
    },
    {
      "type": "Feature",
      "geometry": {
        "type": "Point",
        "coordinates": [
          36.78625503676,
          -2.12171705
        ]
      },
      "properties": {
        "post_id": "660",
        "row_index": 214,
        "lat_header": "Project main location.lat__2",
        "lon_header": "Project main location.lon__2",
        "city": "Matapato North ward",
        "state": "Kajiado County",
        "country": "Kenya",
        "country_code": "KE",
        "display_name": "Matapato North ward, Kajiado Central, Kajiado County, Kenya"
      }
    },
    {
      "type": "Feature",
      "geometry": {
        "type": "Point",
        "coordinates": [
          36.78625503676,
          50.112313451247
        ]
      },
      "properties": {
        "post_id": "660",
        "row_index": 214,
        "lat_header": "Additional project location.lat__2",
        "lon_header": "Project main location.lon__2",
        "city": "Chuhuiv Raion",
        "state": "Kharkiv Oblast",
        "country": "Ukraine",
        "country_code": "UA",
        "display_name": "Вовчанська міська громада, Chuhuiv Raion, Kharkiv Oblast, Ukraine"
      }
    },
    {
      "type": "Feature",
      "geometry": {
        "type": "Point",
        "coordinates": [
          36.828842018137,
          -1.30261485
        ]
      },
      "properties": {
        "post_id": "661",
        "row_index": 215,
        "lat_header": "Project main location.lat__2",
        "lon_header": "Project main location.lon__2",
        "city": "Nairobi",
        "state": "Nairobi County",
        "country": "Kenya",
        "country_code": "KE",
        "display_name": "Landimawe ward, Starehe, Nairobi, Nairobi County, 00500, Kenya"
      }
    },
    {
      "type": "Feature",
      "geometry": {
        "type": "Point",
        "coordinates": [
          36.828842018137,
          -18.1553985
        ]
      },
      "properties": {
        "post_id": "661",
        "row_index": 215,
        "lat_header": "Additional project location.lat__2",
        "lon_header": "Project main location.lon__2",
        "city": "",
        "state": "Zambezia Province",
        "country": "Mozambique",
        "country_code": "MZ",
        "display_name": "Inhassunge, Zambezia Province, Zona Centro, Mozambique"
      }
    },
    {
      "type": "Feature",
      "geometry": {
        "type": "Point",
        "coordinates": [
          -74.0060152,
          40.7127281
        ]
      },
      "properties": {
        "post_id": "662",
        "row_index": 216,
        "lat_header": "Project main location.lat__2",
        "lon_header": "Project main location.lon__2",
        "city": "New York",
        "state": "New York",
        "country": "United States",
        "country_code": "US",
        "display_name": "Manhattan, New York County, New York, United States"
      }
    },
    {
      "type": "Feature",
      "geometry": {
        "type": "Point",
        "coordinates": [
          -74.0060152,
          22.512556954051
        ]
      },
      "properties": {
        "post_id": "662",
        "row_index": 216,
        "lat_header": "Additional project location.lat__2",
        "lon_header": "Project main location.lon__2",
        "city": "Acklins",
        "state": "",
        "country": "Bahamas",
        "country_code": "BS",
        "display_name": "Acklins, Bahamas"
      }
    },
    {
      "type": "Feature",
      "geometry": {
        "type": "Point",
        "coordinates": [
          79.263589933778,
          22.161727070562
        ]
      },
      "properties": {
        "post_id": "663",
        "row_index": 217,
        "lat_header": "Project main location.lat__2",
        "lon_header": "Project main location.lon__2",
        "city": "Chaurai Tahsil",
        "state": "Madhya Pradesh",
        "country": "India",
        "country_code": "IN",
        "display_name": "Chaurai Tahsil, Chhindwara, Madhya Pradesh, 480115, India"
      }
    },
    {
      "type": "Feature",
      "geometry": {
        "type": "Point",
        "coordinates": [
          79.263589933778,
          50.112313451247
        ]
      },
      "properties": {
        "post_id": "663",
        "row_index": 217,
        "lat_header": "Additional project location.lat__2",
        "lon_header": "Project main location.lon__2",
        "city": "Кокентау ауылдық округі",
        "state": "Abay Region",
        "country": "Kazakhstan",
        "country_code": "KZ",
        "display_name": "Кокентау ауылдық округі, Zhanasemey District, Abay Region, Kazakhstan"
      }
    },
    {
      "type": "Feature",
      "geometry": {
        "type": "Point",
        "coordinates": [
          13.359375,
          5.8639881928117
        ]
      },
      "properties": {
        "post_id": "664",
        "row_index": 218,
        "lat_header": "Project main location.lat__2",
        "lon_header": "Project main location.lon__2",
        "city": "Bétaré-Oya",
        "state": "East",
        "country": "Cameroon",
        "country_code": "CM",
        "display_name": "Bétaré-Oya, Lom-et-Djérem, East, Cameroon"
      }
    },
    {
      "type": "Feature",
      "geometry": {
        "type": "Point",
        "coordinates": [
          13.359375,
          4.1567895
        ]
      },
      "properties": {
        "post_id": "664",
        "row_index": 218,
        "lat_header": "Additional project location.lat__2",
        "lon_header": "Project main location.lon__2",
        "city": "Doumaintang",
        "state": "East",
        "country": "Cameroon",
        "country_code": "CM",
        "display_name": "Doumaintang, Haut-Nyong, East, Cameroon"
      }
    },
    {
      "type": "Feature",
      "geometry": {
        "type": "Point",
        "coordinates": [
          33.9301963,
          -13.2687204
        ]
      },
      "properties": {
        "post_id": "665",
        "row_index": 219,
        "lat_header": "Project main location.lat",
        "lon_header": "Project main location.lon",
        "city": "",
        "state": "Ntchisi",
        "country": "Malawi",
        "country_code": "MW",
        "display_name": "Ntchisi, Central Region, Malawi, Malawi"
      }
    },
    {
      "type": "Feature",
      "geometry": {
        "type": "Point",
        "coordinates": [
          33.9301963,
          -18.23391656712
        ]
      },
      "properties": {
        "post_id": "665",
        "row_index": 219,
        "lat_header": "Additional project location.lat",
        "lon_header": "Project main location.lon",
        "city": "",
        "state": "Sofala Province",
        "country": "Mozambique",
        "country_code": "MZ",
        "display_name": "Gorongosa, Sofala Province, Zona Centro, Mozambique"
      }
    },
    {
      "type": "Feature",
      "geometry": {
        "type": "Point",
        "coordinates": [
          33.9301963,
          -14.5189121
        ]
      },
      "properties": {
        "post_id": "665",
        "row_index": 219,
        "lat_header": "Additional project location 2.lat",
        "lon_header": "Project main location.lon",
        "city": "",
        "state": "Tete Province",
        "country": "Mozambique",
        "country_code": "MZ",
        "display_name": "Angónia, Tete Province, Zona Centro, Mozambique"
      }
    },
    {
      "type": "Feature",
      "geometry": {
        "type": "Point",
        "coordinates": [
          -116.71875,
          50.112313451247
        ]
      },
      "properties": {
        "post_id": "666",
        "row_index": 220,
        "lat_header": "Project main location.lat",
        "lon_header": "Project main location.lon",
        "city": "Area D (Lardeau Valley/Duncan Lake)",
        "state": "British Columbia",
        "country": "Canada",
        "country_code": "CA",
        "display_name": "Area D (Lardeau Valley/Duncan Lake), Regional District of Central Kootenay, British Columbia, Canada"
      }
    },
    {
      "type": "Feature",
      "geometry": {
        "type": "Point",
        "coordinates": [
          38.4313975,
          1.4419683
        ]
      },
      "properties": {
        "post_id": "667",
        "row_index": 221,
        "lat_header": "Project main location.lat",
        "lon_header": "Project main location.lon",
        "city": "Merti",
        "state": "Isiolo",
        "country": "Kenya",
        "country_code": "KE",
        "display_name": "Merti, Isiolo, Kenya"
      }
    },
    {
      "type": "Feature",
      "geometry": {
        "type": "Point",
        "coordinates": [
          38.4313975,
          -2.5480008
        ]
      },
      "properties": {
        "post_id": "667",
        "row_index": 221,
        "lat_header": "Additional project location.lat",
        "lon_header": "Project main location.lon",
        "city": "Athi ward",
        "state": "Kitui County",
        "country": "Kenya",
        "country_code": "KE",
        "display_name": "Athi ward, Kitui South, Kitui County, Kenya"
      }
    },
    {
      "type": "Feature",
      "geometry": {
        "type": "Point",
        "coordinates": [
          38.4313975,
          50.112313451247
        ]
      },
      "properties": {
        "post_id": "667",
        "row_index": 221,
        "lat_header": "Additional project location 2.lat",
        "lon_header": "Project main location.lon",
        "city": "Вейделевский муниципальный округ",
        "state": "Belgorod Oblast",
        "country": "Russia",
        "country_code": "RU",
        "display_name": "Вейделевский муниципальный округ, Belgorod Oblast, Central Federal District, Russia"
      }
    },
    {
      "type": "Feature",
      "geometry": {
        "type": "Point",
        "coordinates": [
          28.531494140625,
          -15.498348299556
        ]
      },
      "properties": {
        "post_id": "668",
        "row_index": 222,
        "lat_header": "Project main location.lat__2",
        "lon_header": "Project main location.lon__2",
        "city": "",
        "state": "Lusaka Province",
        "country": "Zambia",
        "country_code": "ZM",
        "display_name": "Chongwe District, Lusaka Province, Zambia"
      }
    },
    {
      "type": "Feature",
      "geometry": {
        "type": "Point",
        "coordinates": [
          28.531494140625,
          50.112313451247
        ]
      },
      "properties": {
        "post_id": "668",
        "row_index": 222,
        "lat_header": "Additional project location.lat__2",
        "lon_header": "Project main location.lon__2",
        "city": "",
        "state": "Zhytomyr Oblast",
        "country": "Ukraine",
        "country_code": "UA",
        "display_name": "Novohuivynske Settlement Hromada, Zhytomyr Raion, Zhytomyr Oblast, Ukraine"
      }
    },
    {
      "type": "Feature",
      "geometry": {
        "type": "Point",
        "coordinates": [
          37.6174782,
          55.7505412
        ]
      },
      "properties": {
        "post_id": "669",
        "row_index": 223,
        "lat_header": "Project main location.lat__2",
        "lon_header": "Project main location.lon__2",
        "city": "Moscow",
        "state": "Moscow",
        "country": "Russia",
        "country_code": "RU",
        "display_name": "Moscow, Central Federal District, Russia"
      }
    },
    {
      "type": "Feature",
      "geometry": {
        "type": "Point",
        "coordinates": [
          37.6174782,
          50.112313451247
        ]
      },
      "properties": {
        "post_id": "669",
        "row_index": 223,
        "lat_header": "Additional project location.lat__2",
        "lon_header": "Project main location.lon__2",
        "city": "",
        "state": "Kharkiv Oblast",
        "country": "Ukraine",
        "country_code": "UA",
        "display_name": "Великобурлуцька селищна громада, Kupiansk Raion, Kharkiv Oblast, Ukraine"
      }
    },
    {
      "type": "Feature",
      "geometry": {
        "type": "Point",
        "coordinates": [
          36.925146373295,
          -2.2639714765035
        ]
      },
      "properties": {
        "post_id": "670",
        "row_index": 224,
        "lat_header": "Project main location.lat__2",
        "lon_header": "Project main location.lon__2",
        "city": "Matapato North ward",
        "state": "Kajiado County",
        "country": "Kenya",
        "country_code": "KE",
        "display_name": "Matapato North ward, Kajiado Central, Kajiado County, Kenya"
      }
    },
    {
      "type": "Feature",
      "geometry": {
        "type": "Point",
        "coordinates": [
          36.925146373295,
          50.112313451247
        ]
      },
      "properties": {
        "post_id": "670",
        "row_index": 224,
        "lat_header": "Additional project location.lat__2",
        "lon_header": "Project main location.lon__2",
        "city": "Chuhuiv Raion",
        "state": "Kharkiv Oblast",
        "country": "Ukraine",
        "country_code": "UA",
        "display_name": "Вовчанська міська громада, Chuhuiv Raion, Kharkiv Oblast, Ukraine"
      }
    },
    {
      "type": "Feature",
      "geometry": {
        "type": "Point",
        "coordinates": [
          -116.71875,
          50.112313451247
        ]
      },
      "properties": {
        "post_id": "671",
        "row_index": 225,
        "lat_header": "Project main location.lat__2",
        "lon_header": "Project main location.lon__2",
        "city": "Area D (Lardeau Valley/Duncan Lake)",
        "state": "British Columbia",
        "country": "Canada",
        "country_code": "CA",
        "display_name": "Area D (Lardeau Valley/Duncan Lake), Regional District of Central Kootenay, British Columbia, Canada"
      }
    },
    {
      "type": "Feature",
      "geometry": {
        "type": "Point",
        "coordinates": [
          -116.71875,
          50.101863421449
        ]
      },
      "properties": {
        "post_id": "671",
        "row_index": 225,
        "lat_header": "Additional project location.lat__2",
        "lon_header": "Project main location.lon__2",
        "city": "Area D (Lardeau Valley/Duncan Lake)",
        "state": "British Columbia",
        "country": "Canada",
        "country_code": "CA",
        "display_name": "Area D (Lardeau Valley/Duncan Lake), Regional District of Central Kootenay, British Columbia, Canada"
      }
    },
    {
      "type": "Feature",
      "geometry": {
        "type": "Point",
        "coordinates": [
          -116.71875,
          50.112313451247
        ]
      },
      "properties": {
        "post_id": "672",
        "row_index": 226,
        "lat_header": "Project main location.lat__2",
        "lon_header": "Project main location.lon__2",
        "city": "Area D (Lardeau Valley/Duncan Lake)",
        "state": "British Columbia",
        "country": "Canada",
        "country_code": "CA",
        "display_name": "Area D (Lardeau Valley/Duncan Lake), Regional District of Central Kootenay, British Columbia, Canada"
      }
    },
    {
      "type": "Feature",
      "geometry": {
        "type": "Point",
        "coordinates": [
          23.8222636,
          -2.9814344
        ]
      },
      "properties": {
        "post_id": "673",
        "row_index": 227,
        "lat_header": "Project main location.lat__2",
        "lon_header": "Project main location.lon__2",
        "city": "",
        "state": "Sankuru",
        "country": "Democratic Republic of the Congo",
        "country_code": "CD",
        "display_name": "Sankuru, Democratic Republic of the Congo"
      }
    },
    {
      "type": "Feature",
      "geometry": {
        "type": "Point",
        "coordinates": [
          23.8222636,
          26.2540493
        ]
      },
      "properties": {
        "post_id": "673",
        "row_index": 227,
        "lat_header": "Additional project location.lat__2",
        "lon_header": "Project main location.lon__2",
        "city": "",
        "state": "Kufra",
        "country": "Libya",
        "country_code": "LY",
        "display_name": "Kufra, Libya"
      }
    },
    {
      "type": "Feature",
      "geometry": {
        "type": "Point",
        "coordinates": [
          -116.71875,
          50.112313451247
        ]
      },
      "properties": {
        "post_id": "674",
        "row_index": 228,
        "lat_header": "Project main location.lat__2",
        "lon_header": "Project main location.lon__2",
        "city": "Area D (Lardeau Valley/Duncan Lake)",
        "state": "British Columbia",
        "country": "Canada",
        "country_code": "CA",
        "display_name": "Area D (Lardeau Valley/Duncan Lake), Regional District of Central Kootenay, British Columbia, Canada"
      }
    },
    {
      "type": "Feature",
      "geometry": {
        "type": "Point",
        "coordinates": [
          1.215829,
          6.130419
        ]
      },
      "properties": {
        "post_id": "675",
        "row_index": 229,
        "lat_header": "Project main location.lat__2",
        "lon_header": "Project main location.lon__2",
        "city": "Lomé",
        "state": "Maritime Region",
        "country": "Togo",
        "country_code": "TG",
        "display_name": "Lomé, Maritime Region, Togo"
      }
    },
    {
      "type": "Feature",
      "geometry": {
        "type": "Point",
        "coordinates": [
          1.215829,
          50.112313451247
        ]
      },
      "properties": {
        "post_id": "675",
        "row_index": 229,
        "lat_header": "Additional project location.lat__2",
        "lon_header": "Project main location.lon__2",
        "city": "",
        "state": "",
        "country": "France",
        "country_code": "FR",
        "display_name": "Metropolitan France, France"
      }
    },
    {
      "type": "Feature",
      "geometry": {
        "type": "Point",
        "coordinates": [
          -3.4591436,
          12.4670756
        ]
      },
      "properties": {
        "post_id": "676",
        "row_index": 230,
        "lat_header": "Project main location.lat__2",
        "lon_header": "Project main location.lon__2",
        "city": "Dédougou",
        "state": "",
        "country": "Burkina Faso",
        "country_code": "BF",
        "display_name": "Dédougou, Mouhoun, Boucle du Mouhoun, Burkina Faso"
      }
    },
    {
      "type": "Feature",
      "geometry": {
        "type": "Point",
        "coordinates": [
          37.177047729492,
          7.1405174027634
        ]
      },
      "properties": {
        "post_id": "677",
        "row_index": 231,
        "lat_header": "Project main location.lat__2",
        "lon_header": "Project main location.lon__2",
        "city": "",
        "state": "South West Ethiopia Peoples",
        "country": "Ethiopia",
        "country_code": "ET",
        "display_name": "Dawro, South West Ethiopia Peoples, Ethiopia"
      }
    },
    {
      "type": "Feature",
      "geometry": {
        "type": "Point",
        "coordinates": [
          37.177047729492,
          50.112313451247
        ]
      },
      "properties": {
        "post_id": "677",
        "row_index": 231,
        "lat_header": "Additional project location.lat__2",
        "lon_header": "Project main location.lon__2",
        "city": "",
        "state": "Kharkiv Oblast",
        "country": "Ukraine",
        "country_code": "UA",
        "display_name": "Великобурлуцька селищна громада, Kupiansk Raion, Kharkiv Oblast, Ukraine"
      }
    },
    {
      "type": "Feature",
      "geometry": {
        "type": "Point",
        "coordinates": [
          -116.71875,
          50.112313451247
        ]
      },
      "properties": {
        "post_id": "678",
        "row_index": 232,
        "lat_header": "Project main location.lat__2",
        "lon_header": "Project main location.lon__2",
        "city": "Area D (Lardeau Valley/Duncan Lake)",
        "state": "British Columbia",
        "country": "Canada",
        "country_code": "CA",
        "display_name": "Area D (Lardeau Valley/Duncan Lake), Regional District of Central Kootenay, British Columbia, Canada"
      }
    },
    {
      "type": "Feature",
      "geometry": {
        "type": "Point",
        "coordinates": [
          2.3521041870117,
          6.4516197955334
        ]
      },
      "properties": {
        "post_id": "679",
        "row_index": 233,
        "lat_header": "Project main location.lat__2",
        "lon_header": "Project main location.lon__2",
        "city": "Abomey-Calavi",
        "state": "Atlantique Department",
        "country": "Benin",
        "country_code": "BJ",
        "display_name": "Abomey-Calavi, Atlantique Department, Benin"
      }
    },
    {
      "type": "Feature",
      "geometry": {
        "type": "Point",
        "coordinates": [
          2.3521041870117,
          50.112313451247
        ]
      },
      "properties": {
        "post_id": "679",
        "row_index": 233,
        "lat_header": "Additional project location.lat__2",
        "lon_header": "Project main location.lon__2",
        "city": "Beauval",
        "state": "Hauts-de-France",
        "country": "France",
        "country_code": "FR",
        "display_name": "Beauval, Amiens, Somme, Hauts-de-France, Metropolitan France, 80630, France"
      }
    },
    {
      "type": "Feature",
      "geometry": {
        "type": "Point",
        "coordinates": [
          38.4313975,
          1.4419683
        ]
      },
      "properties": {
        "post_id": "680",
        "row_index": 234,
        "lat_header": "Project main location.lat__2",
        "lon_header": "Project main location.lon__2",
        "city": "Merti",
        "state": "Isiolo",
        "country": "Kenya",
        "country_code": "KE",
        "display_name": "Merti, Isiolo, Kenya"
      }
    },
    {
      "type": "Feature",
      "geometry": {
        "type": "Point",
        "coordinates": [
          38.4313975,
          50.112313451247
        ]
      },
      "properties": {
        "post_id": "680",
        "row_index": 234,
        "lat_header": "Additional project location.lat__2",
        "lon_header": "Project main location.lon__2",
        "city": "Вейделевский муниципальный округ",
        "state": "Belgorod Oblast",
        "country": "Russia",
        "country_code": "RU",
        "display_name": "Вейделевский муниципальный округ, Belgorod Oblast, Central Federal District, Russia"
      }
    },
    {
      "type": "Feature",
      "geometry": {
        "type": "Point",
        "coordinates": [
          -116.71875,
          50.112313451247
        ]
      },
      "properties": {
        "post_id": "681",
        "row_index": 235,
        "lat_header": "Project main location.lat__2",
        "lon_header": "Project main location.lon__2",
        "city": "Area D (Lardeau Valley/Duncan Lake)",
        "state": "British Columbia",
        "country": "Canada",
        "country_code": "CA",
        "display_name": "Area D (Lardeau Valley/Duncan Lake), Regional District of Central Kootenay, British Columbia, Canada"
      }
    },
    {
      "type": "Feature",
      "geometry": {
        "type": "Point",
        "coordinates": [
          -13.246765136719,
          8.495462762626
        ]
      },
      "properties": {
        "post_id": "682",
        "row_index": 236,
        "lat_header": "Project main location.lat__2",
        "lon_header": "Project main location.lon__2",
        "city": "Freetown",
        "state": "Western Area Urban",
        "country": "Sierra Leone",
        "country_code": "SL",
        "display_name": "Freetown, Western Area Urban, Western Area, Sierra Leone"
      }
    },
    {
      "type": "Feature",
      "geometry": {
        "type": "Point",
        "coordinates": [
          -13.246765136719,
          50.112313451247
        ]
      },
      "properties": {
        "post_id": "682",
        "row_index": 236,
        "lat_header": "Additional project location.lat__2",
        "lon_header": "Project main location.lon__2",
        "city": "",
        "state": "",
        "country": "",
        "country_code": "",
        "display_name": null
      }
    },
    {
      "type": "Feature",
      "geometry": {
        "type": "Point",
        "coordinates": [
          -116.71875,
          50.112313451247
        ]
      },
      "properties": {
        "post_id": "683",
        "row_index": 237,
        "lat_header": "Project main location.lat",
        "lon_header": "Project main location.lon",
        "city": "Area D (Lardeau Valley/Duncan Lake)",
        "state": "British Columbia",
        "country": "Canada",
        "country_code": "CA",
        "display_name": "Area D (Lardeau Valley/Duncan Lake), Regional District of Central Kootenay, British Columbia, Canada"
      }
    },
    {
      "type": "Feature",
      "geometry": {
        "type": "Point",
        "coordinates": [
          39.648547578884,
          -4.03863355
        ]
      },
      "properties": {
        "post_id": "684",
        "row_index": 238,
        "lat_header": "Project main location.lat",
        "lon_header": "Project main location.lon",
        "city": "Mombasa",
        "state": "Mombasa County",
        "country": "Kenya",
        "country_code": "KE",
        "display_name": "Mombasa, Tononoka ward, Mvita, Mombasa County, 80100, Kenya"
      }
    },
    {
      "type": "Feature",
      "geometry": {
        "type": "Point",
        "coordinates": [
          39.648547578884,
          -1.30261485
        ]
      },
      "properties": {
        "post_id": "684",
        "row_index": 238,
        "lat_header": "Additional project location.lat",
        "lon_header": "Project main location.lon",
        "city": "Galole",
        "state": "Tana River County",
        "country": "Kenya",
        "country_code": "KE",
        "display_name": "Galole, Tana River County, 70101, Kenya"
      }
    },
    {
      "type": "Feature",
      "geometry": {
        "type": "Point",
        "coordinates": [
          39.648547578884,
          -0.06040135
        ]
      },
      "properties": {
        "post_id": "684",
        "row_index": 238,
        "lat_header": "Additional project location 2.lat",
        "lon_header": "Project main location.lon",
        "city": "Garissa Township",
        "state": "Garissa",
        "country": "Kenya",
        "country_code": "KE",
        "display_name": "Garissa Township, Garissa, Kenya"
      }
    },
    {
      "type": "Feature",
      "geometry": {
        "type": "Point",
        "coordinates": [
          -99.6240234375,
          19.725342248058
        ]
      },
      "properties": {
        "post_id": "685",
        "row_index": 239,
        "lat_header": "Project main location.lat__2",
        "lon_header": "Project main location.lon__2",
        "city": "Santa Clara de Juárez",
        "state": "State of Mexico",
        "country": "Mexico",
        "country_code": "MX",
        "display_name": "Santa Clara de Juárez, Morelos, State of Mexico, 50560, Mexico"
      }
    },
    {
      "type": "Feature",
      "geometry": {
        "type": "Point",
        "coordinates": [
          -99.6240234375,
          39.909736234537
        ]
      },
      "properties": {
        "post_id": "685",
        "row_index": 239,
        "lat_header": "Additional project location.lat__2",
        "lon_header": "Project main location.lon__2",
        "city": "Phillips County",
        "state": "Kansas",
        "country": "United States",
        "country_code": "US",
        "display_name": "Phillips County, Kansas, United States"
      }
    },
    {
      "type": "Feature",
      "geometry": {
        "type": "Point",
        "coordinates": [
          -116.71875,
          50.112313451247
        ]
      },
      "properties": {
        "post_id": "686",
        "row_index": 240,
        "lat_header": "Project main location.lat__2",
        "lon_header": "Project main location.lon__2",
        "city": "Area D (Lardeau Valley/Duncan Lake)",
        "state": "British Columbia",
        "country": "Canada",
        "country_code": "CA",
        "display_name": "Area D (Lardeau Valley/Duncan Lake), Regional District of Central Kootenay, British Columbia, Canada"
      }
    },
    {
      "type": "Feature",
      "geometry": {
        "type": "Point",
        "coordinates": [
          -116.71875,
          50.112313451247
        ]
      },
      "properties": {
        "post_id": "687",
        "row_index": 241,
        "lat_header": "Project main location.lat__2",
        "lon_header": "Project main location.lon__2",
        "city": "Area D (Lardeau Valley/Duncan Lake)",
        "state": "British Columbia",
        "country": "Canada",
        "country_code": "CA",
        "display_name": "Area D (Lardeau Valley/Duncan Lake), Regional District of Central Kootenay, British Columbia, Canada"
      }
    },
    {
      "type": "Feature",
      "geometry": {
        "type": "Point",
        "coordinates": [
          7.9999721,
          9.6000359
        ]
      },
      "properties": {
        "post_id": "688",
        "row_index": 242,
        "lat_header": "Project main location.lat__2",
        "lon_header": "Project main location.lon__2",
        "city": "Kurmin Musa",
        "state": "Kaduna State",
        "country": "Nigeria",
        "country_code": "NG",
        "display_name": "Kurmin Musa, Kachia, Kaduna State, Nigeria"
      }
    },
    {
      "type": "Feature",
      "geometry": {
        "type": "Point",
        "coordinates": [
          7.9999721,
          56.606273806935
        ]
      },
      "properties": {
        "post_id": "688",
        "row_index": 242,
        "lat_header": "Additional project location.lat__2",
        "lon_header": "Project main location.lon__2",
        "city": "",
        "state": "",
        "country": "Denmark",
        "country_code": "DK",
        "display_name": "Denmark"
      }
    },
    {
      "type": "Feature",
      "geometry": {
        "type": "Point",
        "coordinates": [
          -116.71875,
          50.112313451247
        ]
      },
      "properties": {
        "post_id": "689",
        "row_index": 243,
        "lat_header": "Project main location.lat",
        "lon_header": "Project main location.lon",
        "city": "Area D (Lardeau Valley/Duncan Lake)",
        "state": "British Columbia",
        "country": "Canada",
        "country_code": "CA",
        "display_name": "Area D (Lardeau Valley/Duncan Lake), Regional District of Central Kootenay, British Columbia, Canada"
      }
    },
    {
      "type": "Feature",
      "geometry": {
        "type": "Point",
        "coordinates": [
          -116.71875,
          50.112313451247
        ]
      },
      "properties": {
        "post_id": "690",
        "row_index": 244,
        "lat_header": "Project main location.lat__2",
        "lon_header": "Project main location.lon__2",
        "city": "Area D (Lardeau Valley/Duncan Lake)",
        "state": "British Columbia",
        "country": "Canada",
        "country_code": "CA",
        "display_name": "Area D (Lardeau Valley/Duncan Lake), Regional District of Central Kootenay, British Columbia, Canada"
      }
    },
    {
      "type": "Feature",
      "geometry": {
        "type": "Point",
        "coordinates": [
          36.87930533266,
          -1.2136405
        ]
      },
      "properties": {
        "post_id": "691",
        "row_index": 245,
        "lat_header": "Project main location.lat__2",
        "lon_header": "Project main location.lon__2",
        "city": "Nairobi",
        "state": "Nairobi County",
        "country": "Kenya",
        "country_code": "KE",
        "display_name": "Nairobi, Nairobi County, Kenya"
      }
    },
    {
      "type": "Feature",
      "geometry": {
        "type": "Point",
        "coordinates": [
          36.87930533266,
          2.9327809
        ]
      },
      "properties": {
        "post_id": "691",
        "row_index": 245,
        "lat_header": "Additional project location.lat__2",
        "lon_header": "Project main location.lon__2",
        "city": "Loiyangalani ward",
        "state": "Marsabit County",
        "country": "Kenya",
        "country_code": "KE",
        "display_name": "Loiyangalani ward, Laisamis, Marsabit County, Kenya"
      }
    },
    {
      "type": "Feature",
      "geometry": {
        "type": "Point",
        "coordinates": [
          36.886465419084,
          -1.2441317072363
        ]
      },
      "properties": {
        "post_id": "692",
        "row_index": 246,
        "lat_header": "Project main location.lat__2",
        "lon_header": "Project main location.lon__2",
        "city": "Nairobi",
        "state": "Nairobi County",
        "country": "Kenya",
        "country_code": "KE",
        "display_name": "Babadogo ward, Kasarani, Nairobi, Nairobi County, 00623, Kenya"
      }
    },
    {
      "type": "Feature",
      "geometry": {
        "type": "Point",
        "coordinates": [
          36.886465419084,
          50.112313451247
        ]
      },
      "properties": {
        "post_id": "692",
        "row_index": 246,
        "lat_header": "Additional project location.lat__2",
        "lon_header": "Project main location.lon__2",
        "city": "Chuhuiv Raion",
        "state": "Kharkiv Oblast",
        "country": "Ukraine",
        "country_code": "UA",
        "display_name": "Старосалтівська селищна громада, Chuhuiv Raion, Kharkiv Oblast, Ukraine"
      }
    },
    {
      "type": "Feature",
      "geometry": {
        "type": "Point",
        "coordinates": [
          37.074632,
          0.01403
        ]
      },
      "properties": {
        "post_id": "693",
        "row_index": 247,
        "lat_header": "Project main location.lat__2",
        "lon_header": "Project main location.lon__2",
        "city": "Laikipia East",
        "state": "Laikipia County",
        "country": "Kenya",
        "country_code": "KE",
        "display_name": "Laikipia East, Laikipia County, 10400, Kenya"
      }
    },
    {
      "type": "Feature",
      "geometry": {
        "type": "Point",
        "coordinates": [
          37.074632,
          50.112313451247
        ]
      },
      "properties": {
        "post_id": "693",
        "row_index": 247,
        "lat_header": "Additional project location.lat__2",
        "lon_header": "Project main location.lon__2",
        "city": "Chuhuiv Raion",
        "state": "Kharkiv Oblast",
        "country": "Ukraine",
        "country_code": "UA",
        "display_name": "Вовчанська міська громада, Chuhuiv Raion, Kharkiv Oblast, Ukraine"
      }
    },
    {
      "type": "Feature",
      "geometry": {
        "type": "Point",
        "coordinates": [
          -116.71875,
          50.112313451247
        ]
      },
      "properties": {
        "post_id": "694",
        "row_index": 248,
        "lat_header": "Project main location.lat",
        "lon_header": "Project main location.lon",
        "city": "Area D (Lardeau Valley/Duncan Lake)",
        "state": "British Columbia",
        "country": "Canada",
        "country_code": "CA",
        "display_name": "Area D (Lardeau Valley/Duncan Lake), Regional District of Central Kootenay, British Columbia, Canada"
      }
    },
    {
      "type": "Feature",
      "geometry": {
        "type": "Point",
        "coordinates": [
          -116.71875,
          50.112313451247
        ]
      },
      "properties": {
        "post_id": "695",
        "row_index": 249,
        "lat_header": "Project main location.lat__2",
        "lon_header": "Project main location.lon__2",
        "city": "Area D (Lardeau Valley/Duncan Lake)",
        "state": "British Columbia",
        "country": "Canada",
        "country_code": "CA",
        "display_name": "Area D (Lardeau Valley/Duncan Lake), Regional District of Central Kootenay, British Columbia, Canada"
      }
    },
    {
      "type": "Feature",
      "geometry": {
        "type": "Point",
        "coordinates": [
          -11.497192382812,
          8.5255122607268
        ]
      },
      "properties": {
        "post_id": "696",
        "row_index": 250,
        "lat_header": "Project main location.lat__2",
        "lon_header": "Project main location.lon__2",
        "city": "",
        "state": "Kenema District",
        "country": "Sierra Leone",
        "country_code": "SL",
        "display_name": "Kenema District, Eastern Province, Sierra Leone"
      }
    },
    {
      "type": "Feature",
      "geometry": {
        "type": "Point",
        "coordinates": [
          -11.497192382812,
          50.112313451247
        ]
      },
      "properties": {
        "post_id": "696",
        "row_index": 250,
        "lat_header": "Additional project location.lat__2",
        "lon_header": "Project main location.lon__2",
        "city": "",
        "state": "",
        "country": "",
        "country_code": "",
        "display_name": null
      }
    },
    {
      "type": "Feature",
      "geometry": {
        "type": "Point",
        "coordinates": [
          35.133926854469,
          -0.6804859096764
        ]
      },
      "properties": {
        "post_id": "697",
        "row_index": 251,
        "lat_header": "Project main location.lat__2",
        "lon_header": "Project main location.lon__2",
        "city": "Sotik",
        "state": "Bomet",
        "country": "Kenya",
        "country_code": "KE",
        "display_name": "Sotik, Bomet, Kenya"
      }
    },
    {
      "type": "Feature",
      "geometry": {
        "type": "Point",
        "coordinates": [
          35.133926854469,
          50.112313451247
        ]
      },
      "properties": {
        "post_id": "697",
        "row_index": 251,
        "lat_header": "Additional project location.lat__2",
        "lon_header": "Project main location.lon__2",
        "city": "",
        "state": "Kharkiv Oblast",
        "country": "Ukraine",
        "country_code": "UA",
        "display_name": "Краснокутська селищна громада, Bohodukhiv Raion, Kharkiv Oblast, Ukraine"
      }
    },
    {
      "type": "Feature",
      "geometry": {
        "type": "Point",
        "coordinates": [
          36.877873043473,
          -1.24339825
        ]
      },
      "properties": {
        "post_id": "698",
        "row_index": 252,
        "lat_header": "Project main location.lat__2",
        "lon_header": "Project main location.lon__2",
        "city": "Nairobi",
        "state": "Nairobi County",
        "country": "Kenya",
        "country_code": "KE",
        "display_name": "Babadogo ward, Kasarani, Nairobi, Nairobi County, 00623, Kenya"
      }
    },
    {
      "type": "Feature",
      "geometry": {
        "type": "Point",
        "coordinates": [
          36.877873043473,
          1.4419683
        ]
      },
      "properties": {
        "post_id": "698",
        "row_index": 252,
        "lat_header": "Additional project location.lat__2",
        "lon_header": "Project main location.lon__2",
        "city": "El-Barta ward",
        "state": "Samburu",
        "country": "Kenya",
        "country_code": "KE",
        "display_name": "El-Barta ward, Samburu North, Samburu, Kenya"
      }
    },
    {
      "type": "Feature",
      "geometry": {
        "type": "Point",
        "coordinates": [
          36.877873043473,
          -1.24339825
        ]
      },
      "properties": {
        "post_id": "699",
        "row_index": 253,
        "lat_header": "Project main location.lat__2",
        "lon_header": "Project main location.lon__2",
        "city": "Nairobi",
        "state": "Nairobi County",
        "country": "Kenya",
        "country_code": "KE",
        "display_name": "Babadogo ward, Kasarani, Nairobi, Nairobi County, 00623, Kenya"
      }
    },
    {
      "type": "Feature",
      "geometry": {
        "type": "Point",
        "coordinates": [
          36.877873043473,
          50.112313451247
        ]
      },
      "properties": {
        "post_id": "699",
        "row_index": 253,
        "lat_header": "Additional project location.lat__2",
        "lon_header": "Project main location.lon__2",
        "city": "Chuhuiv Raion",
        "state": "Kharkiv Oblast",
        "country": "Ukraine",
        "country_code": "UA",
        "display_name": "Старосалтівська селищна громада, Chuhuiv Raion, Kharkiv Oblast, Ukraine"
      }
    },
    {
      "type": "Feature",
      "geometry": {
        "type": "Point",
        "coordinates": [
          36.877873043473,
          -1.24339825
        ]
      },
      "properties": {
        "post_id": "700",
        "row_index": 254,
        "lat_header": "Project main location.lat__2",
        "lon_header": "Project main location.lon__2",
        "city": "Nairobi",
        "state": "Nairobi County",
        "country": "Kenya",
        "country_code": "KE",
        "display_name": "Babadogo ward, Kasarani, Nairobi, Nairobi County, 00623, Kenya"
      }
    },
    {
      "type": "Feature",
      "geometry": {
        "type": "Point",
        "coordinates": [
          36.877873043473,
          50.112313451247
        ]
      },
      "properties": {
        "post_id": "700",
        "row_index": 254,
        "lat_header": "Additional project location.lat__2",
        "lon_header": "Project main location.lon__2",
        "city": "Chuhuiv Raion",
        "state": "Kharkiv Oblast",
        "country": "Ukraine",
        "country_code": "UA",
        "display_name": "Старосалтівська селищна громада, Chuhuiv Raion, Kharkiv Oblast, Ukraine"
      }
    },
    {
      "type": "Feature",
      "geometry": {
        "type": "Point",
        "coordinates": [
          -116.71875,
          50.112313451247
        ]
      },
      "properties": {
        "post_id": "701",
        "row_index": 255,
        "lat_header": "Project main location.lat__2",
        "lon_header": "Project main location.lon__2",
        "city": "Area D (Lardeau Valley/Duncan Lake)",
        "state": "British Columbia",
        "country": "Canada",
        "country_code": "CA",
        "display_name": "Area D (Lardeau Valley/Duncan Lake), Regional District of Central Kootenay, British Columbia, Canada"
      }
    },
    {
      "type": "Feature",
      "geometry": {
        "type": "Point",
        "coordinates": [
          -116.71875,
          50.112313451247
        ]
      },
      "properties": {
        "post_id": "702",
        "row_index": 256,
        "lat_header": "Project main location.lat__2",
        "lon_header": "Project main location.lon__2",
        "city": "Area D (Lardeau Valley/Duncan Lake)",
        "state": "British Columbia",
        "country": "Canada",
        "country_code": "CA",
        "display_name": "Area D (Lardeau Valley/Duncan Lake), Regional District of Central Kootenay, British Columbia, Canada"
      }
    },
    {
      "type": "Feature",
      "geometry": {
        "type": "Point",
        "coordinates": [
          -116.71875,
          -1.2481492324356
        ]
      },
      "properties": {
        "post_id": "702",
        "row_index": 256,
        "lat_header": "Additional project location.lat__2",
        "lon_header": "Project main location.lon__2",
        "city": "",
        "state": "",
        "country": "",
        "country_code": "",
        "display_name": null
      }
    },
    {
      "type": "Feature",
      "geometry": {
        "type": "Point",
        "coordinates": [
          39.863891601563,
          -3.6559638379378
        ]
      },
      "properties": {
        "post_id": "703",
        "row_index": 257,
        "lat_header": "Project main location.lat",
        "lon_header": "Project main location.lon",
        "city": "Mnarani ward",
        "state": "Kilifi County",
        "country": "Kenya",
        "country_code": "KE",
        "display_name": "Mnarani ward, Kilifi North, Kilifi County, Kenya"
      }
    },
    {
      "type": "Feature",
      "geometry": {
        "type": "Point",
        "coordinates": [
          39.863891601563,
          -4.0724942591674
        ]
      },
      "properties": {
        "post_id": "703",
        "row_index": 257,
        "lat_header": "Additional project location.lat",
        "lon_header": "Project main location.lon",
        "city": "",
        "state": "",
        "country": "Kenya",
        "country_code": "KE",
        "display_name": "Kenya"
      }
    },
    {
      "type": "Feature",
      "geometry": {
        "type": "Point",
        "coordinates": [
          39.863891601563,
          -1.2743089918452
        ]
      },
      "properties": {
        "post_id": "703",
        "row_index": 257,
        "lat_header": "Additional project location 2.lat",
        "lon_header": "Project main location.lon",
        "city": "Bura",
        "state": "Tana River County",
        "country": "Kenya",
        "country_code": "KE",
        "display_name": "Bura, Tana River County, Kenya"
      }
    },
    {
      "type": "Feature",
      "geometry": {
        "type": "Point",
        "coordinates": [
          90.845947265625,
          23.58110551685
        ]
      },
      "properties": {
        "post_id": "704",
        "row_index": 258,
        "lat_header": "Project main location.lat__2",
        "lon_header": "Project main location.lon__2",
        "city": "Daudkandi Upazila",
        "state": "Chattogram Division",
        "country": "Bangladesh",
        "country_code": "BD",
        "display_name": "Daudkandi Upazila, Cumilla District, Chattogram Division, Bangladesh"
      }
    },
    {
      "type": "Feature",
      "geometry": {
        "type": "Point",
        "coordinates": [
          90.845947265625,
          23.7644025
        ]
      },
      "properties": {
        "post_id": "704",
        "row_index": 258,
        "lat_header": "Additional project location.lat__2",
        "lon_header": "Project main location.lon__2",
        "city": "Bancharampur Upazila",
        "state": "Chattogram Division",
        "country": "Bangladesh",
        "country_code": "BD",
        "display_name": "Bancharampur Upazila, Brahmanbaria District, Chattogram Division, Bangladesh"
      }
    },
    {
      "type": "Feature",
      "geometry": {
        "type": "Point",
        "coordinates": [
          38.4313975,
          1.4419683
        ]
      },
      "properties": {
        "post_id": "705",
        "row_index": 259,
        "lat_header": "Project main location.lat__2",
        "lon_header": "Project main location.lon__2",
        "city": "Merti",
        "state": "Isiolo",
        "country": "Kenya",
        "country_code": "KE",
        "display_name": "Merti, Isiolo, Kenya"
      }
    },
    {
      "type": "Feature",
      "geometry": {
        "type": "Point",
        "coordinates": [
          38.4313975,
          50.112313451247
        ]
      },
      "properties": {
        "post_id": "705",
        "row_index": 259,
        "lat_header": "Additional project location.lat__2",
        "lon_header": "Project main location.lon__2",
        "city": "Вейделевский муниципальный округ",
        "state": "Belgorod Oblast",
        "country": "Russia",
        "country_code": "RU",
        "display_name": "Вейделевский муниципальный округ, Belgorod Oblast, Central Federal District, Russia"
      }
    },
    {
      "type": "Feature",
      "geometry": {
        "type": "Point",
        "coordinates": [
          38.4313975,
          1.4419683
        ]
      },
      "properties": {
        "post_id": "706",
        "row_index": 260,
        "lat_header": "Project main location.lat__2",
        "lon_header": "Project main location.lon__2",
        "city": "Merti",
        "state": "Isiolo",
        "country": "Kenya",
        "country_code": "KE",
        "display_name": "Merti, Isiolo, Kenya"
      }
    },
    {
      "type": "Feature",
      "geometry": {
        "type": "Point",
        "coordinates": [
          38.4313975,
          50.112313451247
        ]
      },
      "properties": {
        "post_id": "706",
        "row_index": 260,
        "lat_header": "Additional project location.lat__2",
        "lon_header": "Project main location.lon__2",
        "city": "Вейделевский муниципальный округ",
        "state": "Belgorod Oblast",
        "country": "Russia",
        "country_code": "RU",
        "display_name": "Вейделевский муниципальный округ, Belgorod Oblast, Central Federal District, Russia"
      }
    },
    {
      "type": "Feature",
      "geometry": {
        "type": "Point",
        "coordinates": [
          38.4313975,
          1.4419683
        ]
      },
      "properties": {
        "post_id": "707",
        "row_index": 261,
        "lat_header": "Project main location.lat__2",
        "lon_header": "Project main location.lon__2",
        "city": "Merti",
        "state": "Isiolo",
        "country": "Kenya",
        "country_code": "KE",
        "display_name": "Merti, Isiolo, Kenya"
      }
    },
    {
      "type": "Feature",
      "geometry": {
        "type": "Point",
        "coordinates": [
          38.4313975,
          50.112313451247
        ]
      },
      "properties": {
        "post_id": "707",
        "row_index": 261,
        "lat_header": "Additional project location.lat__2",
        "lon_header": "Project main location.lon__2",
        "city": "Вейделевский муниципальный округ",
        "state": "Belgorod Oblast",
        "country": "Russia",
        "country_code": "RU",
        "display_name": "Вейделевский муниципальный округ, Belgorod Oblast, Central Federal District, Russia"
      }
    },
    {
      "type": "Feature",
      "geometry": {
        "type": "Point",
        "coordinates": [
          -17.463455200195,
          14.73969074504
        ]
      },
      "properties": {
        "post_id": "708",
        "row_index": 262,
        "lat_header": "Project main location.lat__2",
        "lon_header": "Project main location.lon__2",
        "city": "Dakar",
        "state": "Dakar Region",
        "country": "Senegal",
        "country_code": "SN",
        "display_name": "Commune de Grand Yoff, commune d'arrondissement des Parcelles Assainies, Dakar, Dakar Region, 11500, Senegal"
      }
    },
    {
      "type": "Feature",
      "geometry": {
        "type": "Point",
        "coordinates": [
          -17.463455200195,
          14.7426165
        ]
      },
      "properties": {
        "post_id": "708",
        "row_index": 262,
        "lat_header": "Additional project location.lat__2",
        "lon_header": "Project main location.lon__2",
        "city": "Dakar",
        "state": "Dakar Region",
        "country": "Senegal",
        "country_code": "SN",
        "display_name": "Commune de Grand Yoff, commune d'arrondissement des Parcelles Assainies, Dakar, Dakar Region, 11500, Senegal"
      }
    },
    {
      "type": "Feature",
      "geometry": {
        "type": "Point",
        "coordinates": [
          38.4313975,
          1.4419683
        ]
      },
      "properties": {
        "post_id": "709",
        "row_index": 263,
        "lat_header": "Project main location.lat",
        "lon_header": "Project main location.lon",
        "city": "Merti",
        "state": "Isiolo",
        "country": "Kenya",
        "country_code": "KE",
        "display_name": "Merti, Isiolo, Kenya"
      }
    },
    {
      "type": "Feature",
      "geometry": {
        "type": "Point",
        "coordinates": [
          38.4313975,
          8.0300284
        ]
      },
      "properties": {
        "post_id": "709",
        "row_index": 263,
        "lat_header": "Additional project location.lat",
        "lon_header": "Project main location.lon",
        "city": "",
        "state": "Central Ethiopia Regional State",
        "country": "Ethiopia",
        "country_code": "ET",
        "display_name": "East Gurage, Central Ethiopia Regional State, Ethiopia"
      }
    },
    {
      "type": "Feature",
      "geometry": {
        "type": "Point",
        "coordinates": [
          38.4313975,
          1.5333554
        ]
      },
      "properties": {
        "post_id": "709",
        "row_index": 263,
        "lat_header": "Additional project location 2.lat",
        "lon_header": "Project main location.lon",
        "city": "Merti",
        "state": "Isiolo",
        "country": "Kenya",
        "country_code": "KE",
        "display_name": "Merti, Isiolo, Kenya"
      }
    },
    {
      "type": "Feature",
      "geometry": {
        "type": "Point",
        "coordinates": [
          38.4313975,
          1.4419683
        ]
      },
      "properties": {
        "post_id": "710",
        "row_index": 264,
        "lat_header": "Project main location.lat__2",
        "lon_header": "Project main location.lon__2",
        "city": "Merti",
        "state": "Isiolo",
        "country": "Kenya",
        "country_code": "KE",
        "display_name": "Merti, Isiolo, Kenya"
      }
    },
    {
      "type": "Feature",
      "geometry": {
        "type": "Point",
        "coordinates": [
          38.4313975,
          8.0300284
        ]
      },
      "properties": {
        "post_id": "710",
        "row_index": 264,
        "lat_header": "Additional project location.lat__2",
        "lon_header": "Project main location.lon__2",
        "city": "",
        "state": "Central Ethiopia Regional State",
        "country": "Ethiopia",
        "country_code": "ET",
        "display_name": "East Gurage, Central Ethiopia Regional State, Ethiopia"
      }
    },
    {
      "type": "Feature",
      "geometry": {
        "type": "Point",
        "coordinates": [
          -116.71875,
          50.112313451247
        ]
      },
      "properties": {
        "post_id": "711",
        "row_index": 265,
        "lat_header": "Project main location.lat",
        "lon_header": "Project main location.lon",
        "city": "Area D (Lardeau Valley/Duncan Lake)",
        "state": "British Columbia",
        "country": "Canada",
        "country_code": "CA",
        "display_name": "Area D (Lardeau Valley/Duncan Lake), Regional District of Central Kootenay, British Columbia, Canada"
      }
    },
    {
      "type": "Feature",
      "geometry": {
        "type": "Point",
        "coordinates": [
          -116.71875,
          0.6065988
        ]
      },
      "properties": {
        "post_id": "711",
        "row_index": 265,
        "lat_header": "Additional project location.lat",
        "lon_header": "Project main location.lon",
        "city": "",
        "state": "",
        "country": "",
        "country_code": "",
        "display_name": null
      }
    },
    {
      "type": "Feature",
      "geometry": {
        "type": "Point",
        "coordinates": [
          81.7804732,
          17.0050454
        ]
      },
      "properties": {
        "post_id": "712",
        "row_index": 266,
        "lat_header": "Project main location.lat__2",
        "lon_header": "Project main location.lon__2",
        "city": "Rajamahendravaram",
        "state": "Andhra Pradesh",
        "country": "India",
        "country_code": "IN",
        "display_name": "Rajamahendravaram, Rajahmundry Urban, East Godavari, Andhra Pradesh, 533100, India"
      }
    },
    {
      "type": "Feature",
      "geometry": {
        "type": "Point",
        "coordinates": [
          81.7804732,
          16.9437385
        ]
      },
      "properties": {
        "post_id": "712",
        "row_index": 266,
        "lat_header": "Additional project location.lat__2",
        "lon_header": "Project main location.lon__2",
        "city": "Rajahmundry Rural",
        "state": "Andhra Pradesh",
        "country": "India",
        "country_code": "IN",
        "display_name": "Rajahmundry Rural, East Godavari, Andhra Pradesh, 533125, India"
      }
    },
    {
      "type": "Feature",
      "geometry": {
        "type": "Point",
        "coordinates": [
          39.007068,
          -0.7261542
        ]
      },
      "properties": {
        "post_id": "713",
        "row_index": 267,
        "lat_header": "Project main location.lat__2",
        "lon_header": "Project main location.lon__2",
        "city": "Bura",
        "state": "Tana River County",
        "country": "Kenya",
        "country_code": "KE",
        "display_name": "Bura, Tana River County, Kenya"
      }
    },
    {
      "type": "Feature",
      "geometry": {
        "type": "Point",
        "coordinates": [
          6.8348264694214,
          6.3391292914918
        ]
      },
      "properties": {
        "post_id": "714",
        "row_index": 268,
        "lat_header": "Project main location.lat",
        "lon_header": "Project main location.lon",
        "city": "Anambra West",
        "state": "Anambra State",
        "country": "Nigeria",
        "country_code": "NG",
        "display_name": "Anambra West, Anambra State, Nigeria"
      }
    },
    {
      "type": "Feature",
      "geometry": {
        "type": "Point",
        "coordinates": [
          6.8348264694214,
          50.112313451247
        ]
      },
      "properties": {
        "post_id": "714",
        "row_index": 268,
        "lat_header": "Additional project location.lat",
        "lon_header": "Project main location.lon",
        "city": "Eckfeld",
        "state": "Rhineland-Palatinate",
        "country": "Germany",
        "country_code": "DE",
        "display_name": "Eckfeld, Wittlich-Land, Landkreis Bernkastel-Wittlich, Rhineland-Palatinate, Germany"
      }
    },
    {
      "type": "Feature",
      "geometry": {
        "type": "Point",
        "coordinates": [
          -116.71875,
          50.112313451247
        ]
      },
      "properties": {
        "post_id": "715",
        "row_index": 269,
        "lat_header": "Project main location.lat__2",
        "lon_header": "Project main location.lon__2",
        "city": "Area D (Lardeau Valley/Duncan Lake)",
        "state": "British Columbia",
        "country": "Canada",
        "country_code": "CA",
        "display_name": "Area D (Lardeau Valley/Duncan Lake), Regional District of Central Kootenay, British Columbia, Canada"
      }
    },
    {
      "type": "Feature",
      "geometry": {
        "type": "Point",
        "coordinates": [
          7.9999721,
          9.6000359
        ]
      },
      "properties": {
        "post_id": "717",
        "row_index": 270,
        "lat_header": "Project main location.lat",
        "lon_header": "Project main location.lon",
        "city": "Kurmin Musa",
        "state": "Kaduna State",
        "country": "Nigeria",
        "country_code": "NG",
        "display_name": "Kurmin Musa, Kachia, Kaduna State, Nigeria"
      }
    },
    {
      "type": "Feature",
      "geometry": {
        "type": "Point",
        "coordinates": [
          7.9999721,
          50.112313451247
        ]
      },
      "properties": {
        "post_id": "717",
        "row_index": 270,
        "lat_header": "Additional project location.lat",
        "lon_header": "Project main location.lon",
        "city": "Rheingau-Taunus-Kreis",
        "state": "Hesse",
        "country": "Germany",
        "country_code": "DE",
        "display_name": "Bad Schwalbach, Rheingau-Taunus-Kreis, Hesse, 65307, Germany"
      }
    },
    {
      "type": "Feature",
      "geometry": {
        "type": "Point",
        "coordinates": [
          7.9999721,
          9.6000359
        ]
      },
      "properties": {
        "post_id": "718",
        "row_index": 271,
        "lat_header": "Project main location.lat__2",
        "lon_header": "Project main location.lon__2",
        "city": "Kurmin Musa",
        "state": "Kaduna State",
        "country": "Nigeria",
        "country_code": "NG",
        "display_name": "Kurmin Musa, Kachia, Kaduna State, Nigeria"
      }
    },
    {
      "type": "Feature",
      "geometry": {
        "type": "Point",
        "coordinates": [
          7.9999721,
          50.112313451247
        ]
      },
      "properties": {
        "post_id": "718",
        "row_index": 271,
        "lat_header": "Additional project location.lat__2",
        "lon_header": "Project main location.lon__2",
        "city": "Rheingau-Taunus-Kreis",
        "state": "Hesse",
        "country": "Germany",
        "country_code": "DE",
        "display_name": "Bad Schwalbach, Rheingau-Taunus-Kreis, Hesse, 65307, Germany"
      }
    },
    {
      "type": "Feature",
      "geometry": {
        "type": "Point",
        "coordinates": [
          38.7524127,
          9.0358287
        ]
      },
      "properties": {
        "post_id": "719",
        "row_index": 272,
        "lat_header": "Project main location.lat__2",
        "lon_header": "Project main location.lon__2",
        "city": "Addis Ababa",
        "state": "Addis Ababa",
        "country": "Ethiopia",
        "country_code": "ET",
        "display_name": "Addis Ababa, Arada, Addis Ababa, 3578, Ethiopia"
      }
    },
    {
      "type": "Feature",
      "geometry": {
        "type": "Point",
        "coordinates": [
          38.7524127,
          50.112313451247
        ]
      },
      "properties": {
        "post_id": "719",
        "row_index": 272,
        "lat_header": "Additional project location.lat__2",
        "lon_header": "Project main location.lon__2",
        "city": "Вейделевский муниципальный округ",
        "state": "Belgorod Oblast",
        "country": "Russia",
        "country_code": "RU",
        "display_name": "Вейделевский муниципальный округ, Belgorod Oblast, Central Federal District, Russia"
      }
    },
    {
      "type": "Feature",
      "geometry": {
        "type": "Point",
        "coordinates": [
          101.6942371,
          3.1516964
        ]
      },
      "properties": {
        "post_id": "720",
        "row_index": 273,
        "lat_header": "Project main location.lat",
        "lon_header": "Project main location.lon",
        "city": "",
        "state": "Kuala Lumpur",
        "country": "Malaysia",
        "country_code": "MY",
        "display_name": "Kuala Lumpur, Malaysia"
      }
    },
    {
      "type": "Feature",
      "geometry": {
        "type": "Point",
        "coordinates": [
          101.6942371,
          50.112313451247
        ]
      },
      "properties": {
        "post_id": "720",
        "row_index": 273,
        "lat_header": "Additional project location.lat",
        "lon_header": "Project main location.lon",
        "city": "Erdenebulgan",
        "state": "Hovsgel",
        "country": "Mongolia",
        "country_code": "MN",
        "display_name": "Erdenebulgan, Hovsgel, Mongolia"
      }
    },
    {
      "type": "Feature",
      "geometry": {
        "type": "Point",
        "coordinates": [
          32.1857889,
          1.4423505
        ]
      },
      "properties": {
        "post_id": "721",
        "row_index": 274,
        "lat_header": "Project main location.lat__2",
        "lon_header": "Project main location.lon__2",
        "city": "",
        "state": "Nakasongola",
        "country": "Uganda",
        "country_code": "UG",
        "display_name": "Nakasongola, Central Region, Uganda"
      }
    },
    {
      "type": "Feature",
      "geometry": {
        "type": "Point",
        "coordinates": [
          32.1857889,
          -3.3638125
        ]
      },
      "properties": {
        "post_id": "721",
        "row_index": 274,
        "lat_header": "Additional project location.lat__2",
        "lon_header": "Project main location.lon__2",
        "city": "",
        "state": "Geita",
        "country": "Tanzania",
        "country_code": "TZ",
        "display_name": "Mbogwe, Geita, Lake Zone, Tanzania"
      }
    }
  ]
}